ID,Land,Quelle,Transaktionen,letzte Aenderung,erste Aenderung,Online-Bestellung,Geschlecht,Adresstyp,Kauf,Umsatz
251,Inland,A,0,3507,3507,false,w,Firmenadresse,nein,0
83,Inland,O,0,3745,3745,true,w,Firmenadresse,nein,0
1002,Inland,T,1,3242,3242,false,w,Firmenadresse,nein,0
108,Inland,U,1,2907,2907,false,m,Firmenadresse,ja,160
206,Inland,S,0,181,181,false,w,Firmenadresse,nein,0
1819,Ausland,E,1,2975,2975,true,w,Firmenadresse,nein,0
675,Inland,H,2,1346,1386,false,m,Privatadresse,nein,0
1371,Inland,W,2,1920,1942,true,m,Privatadresse,ja,130
1920,Ausland,E,3,2296,2564,true,w,Firmenadresse,ja,514
417,Inland,H,2,1346,1386,false,w,Privatadresse,nein,0
12,Inland,H,2,1275,1313,false,w,Privatadresse,nein,0
1843,Inland,D,1,3436,3436,true,m,Firmenadresse,nein,0
1767,Inland,E,1,2905,2905,true,m,Firmenadresse,nein,0
680,Inland,T,1,3397,3397,true,m,Firmenadresse,nein,0
1539,Inland,D,1,3024,3024,true,m,Firmenadresse,ja,129
1987,Inland,E,4,1710,2982,false,w,Privatadresse,ja,145
1924,Inland,E,1,2681,2681,true,m,Firmenadresse,nein,0
218,Inland,C,1,833,833,false,w,Firmenadresse,nein,0
1859,Inland,D,0,2172,2172,false,m,Firmenadresse,nein,0
1281,Inland,S,1,216,216,false,w,Privatadresse,nein,0
1477,Inland,U,1,2856,2856,true,m,Firmenadresse,ja,130
393,Inland,W,3,1529,1619,false,m,Privatadresse,ja,424
478,Inland,W,1,743,743,false,w,Firmenadresse,nein,0
1639,Ausland,B,0,3528,3528,false,m,Firmenadresse,nein,0
279,Ausland,U,3,1086,2710,false,m,Privatadresse,ja,135
1361,Inland,A,3,3620,3650,true,w,Firmenadresse,ja,72
623,Inland,U,1,717,717,true,w,Firmenadresse,ja,30
325,Inland,U,2,217,4065,true,m,Firmenadresse,nein,0
892,Inland,E,1,2863,2863,false,m,Privatadresse,nein,0
506,Inland,B,1,3655,3655,false,m,Firmenadresse,nein,0
370,Inland,E,10,430,2772,true,m,Firmenadresse,ja,1184
1283,Inland,A,1,3717,3717,false,m,Firmenadresse,nein,0
85,Inland,O,0,3746,3746,false,m,Firmenadresse,nein,0
367,Inland,D,1,3011,3011,false,m,Firmenadresse,nein,0
1914,Inland,C,1,192,192,true,m,Firmenadresse,nein,0
628,Inland,C,1,1554,1554,false,w,Firmenadresse,ja,277
423,Inland,W,1,758,758,false,m,Firmenadresse,ja,83
710,Inland,H,2,1882,1933,false,w,Privatadresse,nein,0
1390,Inland,T,3,2887,3167,false,m,Firmenadresse,ja,162
203,Inland,H,2,1856,1891,false,w,Privatadresse,nein,0
919,Inland,A,13,281,4005,true,w,Firmenadresse,ja,1443
1264,Inland,A,1,3304,3304,false,w,Firmenadresse,ja,129
1393,Inland,E,0,2765,2765,false,m,Firmenadresse,nein,0
821,Inland,E,1,3158,3158,false,m,Firmenadresse,ja,34
1067,Inland,D,2,3791,3791,false,w,Firmenadresse,nein,0
927,Inland,A,3,400,2998,true,m,Firmenadresse,ja,522
1032,Inland,R,1,1052,1052,true,m,Firmenadresse,ja,40
1392,Inland,H,2,1346,1386,false,w,Firmenadresse,nein,0
728,Inland,E,2,1879,1921,false,m,Privatadresse,nein,0
477,Inland,U,3,463,2432,true,m,Firmenadresse,ja,322
355,Ausland,P,3,1134,3464,false,w,Privatadresse,ja,314
150,Inland,A,1,2296,2296,false,w,Firmenadresse,ja,161
871,Inland,D,2,2018,2047,false,m,Firmenadresse,ja,161
650,Inland,A,1,3158,3158,false,w,Firmenadresse,ja,34
487,Inland,U,1,113,113,true,w,Firmenadresse,ja,308
1797,Inland,W,1,723,723,false,w,Privatadresse,nein,0
1879,Ausland,W,1,1052,1052,true,m,Privatadresse,nein,0
374,Inland,B,1,3248,3248,false,w,Privatadresse,ja,132
545,Inland,U,1,3027,3027,true,w,Firmenadresse,ja,96
1547,Inland,U,0,2373,2373,false,m,Firmenadresse,nein,0
1651,Inland,E,0,2735,2735,false,w,Firmenadresse,nein,0
392,Inland,C,1,217,217,false,w,Privatadresse,nein,0
599,Inland,A,1,2481,2481,true,m,Firmenadresse,ja,153
1784,Inland,S,1,604,604,false,m,Firmenadresse,nein,0
1959,Inland,A,2,2012,2046,false,w,Privatadresse,ja,35
945,Inland,B,1,3678,3678,true,m,Firmenadresse,nein,0
915,Inland,A,2,2527,3758,false,w,Firmenadresse,ja,10
987,Inland,A,3,715,3914,true,m,Privatadresse,ja,129
82,Inland,U,1,2862,2906,false,w,Firmenadresse,ja,129
1432,Inland,R,0,3536,3536,true,w,Firmenadresse,nein,0
1025,Inland,W,2,549,701,false,w,Firmenadresse,ja,215
1476,Inland,X,1,2305,2305,false,w,Firmenadresse,ja,161
396,Inland,E,0,2632,2632,false,m,Firmenadresse,nein,0
1114,Inland,E,1,2506,2506,false,w,Firmenadresse,nein,0
320,Ausland,U,3,3398,3522,true,w,Firmenadresse,ja,192
582,Inland,A,3,1134,3125,true,w,Firmenadresse,ja,406
1021,Inland,S,1,2438,2478,true,m,Firmenadresse,ja,104
1939,Inland,S,1,216,216,false,w,Privatadresse,nein,0
984,Ausland,W,1,427,427,false,m,Firmenadresse,ja,56
515,Inland,E,0,2730,2730,false,w,Firmenadresse,nein,0
250,Inland,A,2,2080,2109,true,w,Privatadresse,ja,35
261,Ausland,B,0,3528,3528,true,m,Firmenadresse,nein,0
1840,Inland,O,1,3517,3746,true,w,Firmenadresse,nein,0
389,Inland,E,1,2618,2618,true,m,Privatadresse,ja,6
898,Inland,R,1,2544,2544,true,w,Firmenadresse,ja,130
1310,Inland,O,0,3746,3746,true,w,Firmenadresse,nein,0
1710,Inland,O,0,3747,3747,false,m,Firmenadresse,nein,0
504,Inland,C,1,206,206,false,w,Firmenadresse,nein,0
359,Inland,B,1,3548,3548,false,w,Firmenadresse,nein,0
1075,Ausland,W,2,1521,1561,true,w,Privatadresse,nein,0
1747,Ausland,W,1,1036,1036,false,m,Firmenadresse,nein,0
594,Inland,H,2,1842,1871,true,w,Privatadresse,nein,0
620,Inland,B,0,3522,3522,false,m,Firmenadresse,nein,0
1780,Ausland,W,1,1018,1018,false,w,Firmenadresse,nein,0
507,Ausland,R,0,3107,3107,false,w,Firmenadresse,nein,0
1064,Inland,E,2,1379,2927,true,w,Privatadresse,ja,63
333,Inland,B,0,3522,3522,false,w,Firmenadresse,nein,0
1304,Inland,C,0,3944,3944,false,m,Firmenadresse,nein,0
1482,Ausland,E,1,2961,2961,false,m,Firmenadresse,nein,0
1094,Inland,D,0,3694,3694,true,m,Firmenadresse,nein,0
1146,Inland,U,1,2739,2739,false,w,Firmenadresse,ja,8
1438,Inland,D,1,3465,3465,false,w,Firmenadresse,nein,0
1268,Inland,U,0,3354,3354,false,m,Firmenadresse,nein,0
1373,Ausland,E,3,822,2478,false,w,Firmenadresse,ja,429
600,Inland,S,1,216,216,true,w,Privatadresse,nein,0
1347,Inland,B,0,3694,3694,true,m,Firmenadresse,nein,0
916,Inland,E,2,3201,3311,false,w,Firmenadresse,nein,0
226,Inland,O,0,3746,3746,false,m,Firmenadresse,nein,0
965,Inland,A,3,744,4065,false,m,Privatadresse,ja,128
1298,Ausland,U,3,1969,2075,true,w,Privatadresse,ja,171
99,Ausland,W,1,366,366,false,m,Firmenadresse,nein,0
1485,Inland,R,1,3052,3052,true,w,Firmenadresse,ja,49
718,Ausland,U,1,3597,3597,false,m,Firmenadresse,nein,0
1717,Inland,E,1,2787,2787,false,w,Firmenadresse,ja,4
1615,Inland,H,3,1400,1746,true,w,Privatadresse,ja,63
157,Inland,O,0,3747,3747,true,m,Firmenadresse,nein,0
106,Ausland,U,1,2807,2807,true,w,Firmenadresse,ja,405
30,Inland,S,2,3744,3745,false,m,Firmenadresse,ja,354
1772,Inland,U,0,2859,2859,false,m,Firmenadresse,nein,0
1961,Inland,U,2,1288,2073,true,m,Firmenadresse,ja,508
1048,Ausland,E,1,2249,2249,true,m,Firmenadresse,ja,146
449,Inland,A,2,3593,3593,false,m,Firmenadresse,ja,98
233,Ausland,E,1,1701,1701,false,w,Firmenadresse,ja,110
837,Inland,C,4,1240,2758,false,m,Firmenadresse,ja,232
1933,Inland,S,0,3619,3619,true,m,Firmenadresse,nein,0
101,Inland,O,0,3746,3746,false,w,Firmenadresse,nein,0
847,Inland,A,0,3852,3852,false,m,Firmenadresse,nein,0
1053,Inland,A,1,3067,3067,false,w,Firmenadresse,ja,229
385,Inland,W,1,1192,1192,true,m,Firmenadresse,ja,44
1363,Inland,U,1,2318,2318,false,w,Firmenadresse,ja,85
1255,Inland,A,0,3403,3403,true,m,Firmenadresse,nein,0
1129,Inland,B,1,3458,3458,false,w,Firmenadresse,nein,0
1442,Inland,B,1,3430,3430,false,m,Firmenadresse,nein,0
1068,Inland,C,1,1261,1261,true,w,Privatadresse,ja,44
661,Ausland,A,1,2466,2466,false,m,Firmenadresse,nein,0
356,Inland,E,1,2831,2831,true,m,Firmenadresse,nein,0
1410,Inland,E,0,2960,2960,false,m,Firmenadresse,nein,0
1495,Inland,U,0,3914,3914,false,w,Firmenadresse,nein,0
707,Ausland,W,1,1052,1052,false,m,Firmenadresse,ja,170
893,Inland,U,4,332,2052,true,m,Firmenadresse,ja,410
1127,Ausland,W,1,1402,1402,true,w,Firmenadresse,nein,0
1520,Inland,E,1,2681,2735,true,m,Firmenadresse,ja,130
1294,Inland,A,1,2807,2807,true,w,Firmenadresse,ja,54
231,Inland,E,1,2918,2992,true,m,Firmenadresse,nein,0
1061,Inland,S,0,1451,1451,false,w,Firmenadresse,nein,0
1739,Inland,W,1,532,532,false,m,Privatadresse,nein,0
655,Inland,A,0,4096,4096,false,m,Firmenadresse,nein,0
210,Inland,U,1,1567,1567,true,w,Firmenadresse,ja,32
326,Inland,A,0,3401,3401,false,m,Firmenadresse,nein,0
1334,Inland,U,1,2383,2383,false,w,Firmenadresse,ja,161
299,Inland,D,1,3025,3025,true,w,Firmenadresse,ja,153
45,Inland,R,2,2752,3914,false,m,Firmenadresse,ja,638
608,Inland,A,1,3630,3630,false,m,Firmenadresse,nein,0
888,Inland,T,3,2893,3251,false,m,Firmenadresse,ja,160
555,Ausland,R,2,2142,2145,false,w,Privatadresse,ja,174
239,Inland,A,1,2333,2333,true,m,Privatadresse,ja,161
1997,Inland,S,1,2633,2633,true,m,Firmenadresse,ja,10
1376,Ausland,E,2,2863,3397,false,m,Firmenadresse,nein,0
1873,Inland,O,1,532,3746,true,m,Privatadresse,nein,0
491,Inland,A,1,3822,3822,false,m,Firmenadresse,nein,0
167,Inland,W,1,169,169,true,m,Firmenadresse,ja,163
828,Inland,U,1,3251,3251,true,m,Firmenadresse,ja,15
1716,Inland,E,1,2380,2380,true,w,Firmenadresse,nein,0
338,Inland,C,1,833,833,false,w,Firmenadresse,nein,0
1627,Inland,A,1,197,4005,false,m,Firmenadresse,nein,0
245,Ausland,W,1,42,42,false,w,Privatadresse,nein,0
1766,Inland,C,8,91,4096,false,w,Firmenadresse,ja,1326
1044,Inland,A,1,2977,2977,true,m,Firmenadresse,ja,160
573,Inland,O,0,3747,3747,false,m,Firmenadresse,nein,0
1359,Inland,A,1,2400,2400,false,m,Firmenadresse,ja,161
712,Inland,W,2,1563,1793,false,w,Firmenadresse,ja,160
1988,Ausland,W,1,695,695,true,w,Firmenadresse,ja,58
962,Inland,B,3,2284,3822,true,w,Firmenadresse,ja,271
514,Ausland,O,0,3747,3747,true,w,Firmenadresse,nein,0
1503,Inland,U,0,2542,2542,false,w,Firmenadresse,nein,0
957,Ausland,B,1,3548,3548,true,m,Firmenadresse,nein,0
169,Inland,W,2,582,1584,true,m,Firmenadresse,ja,326
1555,Ausland,C,1,1232,1232,false,w,Firmenadresse,nein,0
364,Ausland,U,1,2073,2073,false,w,Firmenadresse,nein,0
1655,Inland,A,2,2080,2108,true,m,Privatadresse,ja,161
1761,Inland,E,3,1878,2619,false,m,Firmenadresse,ja,182
1610,Inland,W,2,1863,2186,true,w,Firmenadresse,ja,136
1362,Inland,W,2,429,440,false,m,Firmenadresse,ja,303
1198,Ausland,W,1,1010,1010,false,m,Firmenadresse,nein,0
166,Ausland,U,2,3543,3556,false,w,Firmenadresse,ja,129
789,Ausland,O,0,3747,3747,true,w,Firmenadresse,nein,0
1405,Inland,D,0,3694,3694,false,w,Firmenadresse,nein,0
1657,Inland,R,1,160,160,true,w,Firmenadresse,nein,0
1493,Ausland,W,1,976,976,true,w,Firmenadresse,ja,54
1077,Ausland,W,2,1582,1604,false,m,Firmenadresse,nein,0
1565,Inland,M,1,1267,1267,true,w,Firmenadresse,nein,0
273,Inland,W,0,616,616,true,w,Privatadresse,nein,0
1309,Ausland,H,2,1752,1771,false,w,Privatadresse,nein,0
1629,Ausland,B,0,3500,3500,true,w,Firmenadresse,nein,0
773,Inland,E,0,2773,2773,true,m,Firmenadresse,nein,0
1312,Inland,H,2,1752,1774,true,m,Privatadresse,nein,0
1171,Ausland,A,1,437,616,false,w,Firmenadresse,ja,114
733,Inland,A,2,1120,2039,true,w,Firmenadresse,ja,193
6,Inland,R,1,1995,2002,false,w,Privatadresse,nein,0
1462,Inland,O,0,3745,3745,false,m,Firmenadresse,nein,0
509,Inland,A,0,1710,1710,false,m,Firmenadresse,nein,0
1591,Inland,E,2,1226,1240,false,w,Privatadresse,ja,40
850,Ausland,P,1,3944,3944,true,m,Firmenadresse,ja,49
567,Inland,B,3,2872,3312,true,w,Firmenadresse,ja,122
1562,Ausland,C,2,2233,2758,false,w,Firmenadresse,ja,189
1726,Inland,O,1,3583,3747,true,w,Firmenadresse,ja,43
282,Inland,S,2,1786,1835,true,w,Firmenadresse,ja,95
248,Ausland,E,2,1141,2915,false,m,Firmenadresse,ja,208
876,Ausland,E,1,2487,2487,false,w,Firmenadresse,nein,0
1528,Ausland,E,4,1521,1725,true,m,Privatadresse,ja,20
1616,Inland,R,1,3611,3914,false,w,Firmenadresse,ja,173
1119,Ausland,U,0,3124,3124,false,m,Firmenadresse,nein,0
1357,Ausland,E,1,2268,2268,true,m,Firmenadresse,nein,0
43,Inland,D,2,1318,2310,false,m,Privatadresse,ja,161
800,Inland,H,2,744,770,false,m,Privatadresse,nein,0
1789,Ausland,T,1,2880,2880,false,m,Firmenadresse,nein,0
1810,Inland,A,2,2456,2576,false,m,Firmenadresse,ja,220
1225,Inland,A,0,3401,3401,false,w,Firmenadresse,nein,0
1051,Ausland,T,1,2794,2794,true,w,Firmenadresse,nein,0
1715,Inland,B,0,3694,3694,true,m,Firmenadresse,nein,0
1039,Ausland,A,0,2781,2781,false,m,Firmenadresse,nein,0
242,Inland,O,0,3745,3745,false,m,Firmenadresse,nein,0
1,Inland,B,2,3662,3662,true,w,Privatadresse,ja,128
185,Inland,U,1,2960,3188,false,m,Privatadresse,ja,129
1660,Ausland,E,1,2878,2878,false,m,Firmenadresse,nein,0
705,Inland,E,3,2158,2249,true,m,Firmenadresse,ja,64
727,Ausland,W,1,1437,1437,false,m,Firmenadresse,nein,0
1893,Inland,C,2,1226,1240,false,w,Privatadresse,ja,104
1250,Inland,U,2,1275,1323,true,m,Privatadresse,ja,140
672,Ausland,W,1,1091,1091,true,m,Firmenadresse,nein,0
588,Inland,A,2,3914,4005,false,w,Privatadresse,ja,581
1063,Inland,E,1,2752,2752,false,m,Privatadresse,ja,35
1864,Inland,U,1,2775,2775,false,m,Firmenadresse,ja,33
1188,Inland,C,5,542,3125,false,w,Firmenadresse,ja,578
928,Inland,O,0,3746,3746,false,w,Firmenadresse,nein,0
1778,Inland,M,0,3487,3487,false,m,Firmenadresse,nein,0
666,Inland,W,2,2012,2053,true,m,Privatadresse,ja,160
602,Inland,A,1,3199,3199,true,w,Firmenadresse,ja,159
1794,Inland,R,2,2831,2865,false,m,Privatadresse,ja,161
345,Ausland,W,2,295,302,false,w,Firmenadresse,ja,164
609,Inland,X,1,2751,2751,true,m,Firmenadresse,nein,0
1613,Inland,A,0,3975,3975,false,m,Firmenadresse,nein,0
1683,Inland,S,0,1835,1835,false,w,Firmenadresse,nein,0
1401,Inland,R,1,2723,2723,false,m,Firmenadresse,nein,0
1472,Inland,A,2,3405,3405,true,m,Firmenadresse,ja,229
1315,Inland,R,1,2128,2128,false,w,Firmenadresse,nein,0
1760,Ausland,T,5,644,3188,true,w,Privatadresse,ja,260
1252,Ausland,H,3,1241,1311,true,w,Privatadresse,ja,255
1113,Ausland,R,1,828,1147,false,w,Firmenadresse,nein,0
380,Inland,A,3,3129,3262,false,m,Firmenadresse,ja,217
982,Inland,E,1,2487,2487,true,m,Firmenadresse,nein,0
353,Inland,S,1,1346,1378,false,m,Privatadresse,nein,0
493,Inland,U,5,240,2900,false,w,Privatadresse,ja,588
885,Inland,E,0,3158,3158,false,w,Firmenadresse,nein,0
1097,Inland,S,1,1010,1010,true,w,Firmenadresse,nein,0
1224,Inland,A,4,37,1910,false,w,Privatadresse,ja,624
722,Inland,B,2,3382,3382,true,m,Firmenadresse,ja,132
153,Inland,W,1,723,723,false,m,Privatadresse,nein,0
270,Inland,W,1,1361,1361,false,w,Firmenadresse,ja,1250
481,Inland,H,3,301,1036,false,w,Firmenadresse,ja,1249
1624,Inland,W,1,1584,1584,false,m,Firmenadresse,ja,140
824,Inland,A,0,3507,3507,false,m,Firmenadresse,nein,0
1685,Inland,E,2,1879,1925,false,w,Privatadresse,nein,0
738,Inland,D,2,3769,3769,false,w,Firmenadresse,nein,0
601,Inland,E,7,216,2051,true,m,Privatadresse,ja,150
490,Inland,W,2,1708,1800,true,m,Firmenadresse,ja,122
1798,Inland,E,0,2997,2997,true,m,Firmenadresse,nein,0
879,Inland,B,3,3522,3522,false,w,Firmenadresse,nein,0
1677,Inland,M,1,260,260,false,w,Firmenadresse,ja,148
1162,Ausland,W,1,1617,1617,true,m,Firmenadresse,ja,170
1290,Ausland,U,0,2915,2915,false,m,Privatadresse,nein,0
1700,Inland,W,2,434,463,true,w,Firmenadresse,ja,184
175,Inland,B,0,3502,3502,false,m,Firmenadresse,nein,0
304,Inland,W,1,1666,1666,false,w,Firmenadresse,ja,165
559,Inland,W,1,1168,1168,true,w,Firmenadresse,ja,40
1980,Ausland,O,2,1710,3747,false,w,Privatadresse,nein,0
400,Ausland,W,2,458,827,true,m,Firmenadresse,ja,114
131,Inland,O,1,2960,3746,false,m,Privatadresse,ja,120
646,Inland,T,2,3944,4096,false,m,Privatadresse,ja,362
1117,Inland,A,2,1962,3401,false,w,Firmenadresse,nein,0
848,Inland,E,1,3024,3024,false,w,Firmenadresse,nein,0
1606,Inland,W,1,253,253,false,m,Privatadresse,nein,0
1458,Inland,E,1,567,567,true,m,Privatadresse,ja,139
47,Inland,O,0,3747,3747,false,w,Firmenadresse,nein,0
1154,Inland,W,1,23,23,true,m,Firmenadresse,nein,0
780,Inland,A,3,2564,3390,false,m,Firmenadresse,ja,73
523,Inland,A,0,2781,2781,false,w,Firmenadresse,nein,0
1979,Inland,D,1,3020,3020,true,m,Firmenadresse,nein,0
1827,Inland,M,2,744,825,false,w,Privatadresse,ja,163
533,Ausland,U,1,17,17,true,w,Firmenadresse,ja,94
1679,Inland,B,1,3360,3694,false,w,Privatadresse,ja,247
145,Inland,E,0,2765,2765,true,w,Firmenadresse,nein,0
13,Inland,T,1,2802,2802,true,m,Firmenadresse,nein,0
820,Inland,U,1,2417,2417,true,m,Firmenadresse,ja,270
98,Inland,C,0,217,217,false,w,Firmenadresse,nein,0
1208,Inland,B,0,3680,3680,false,w,Firmenadresse,nein,0
903,Inland,C,1,868,868,true,m,Firmenadresse,nein,0
1935,Ausland,W,2,519,1066,false,w,Firmenadresse,ja,154
1346,Ausland,W,1,1228,1228,false,m,Firmenadresse,nein,0
172,Ausland,W,1,364,364,true,w,Firmenadresse,ja,249
990,Inland,D,1,3278,3278,false,w,Firmenadresse,nein,0
565,Inland,S,1,204,204,false,m,Firmenadresse,nein,0
741,Inland,A,1,608,608,false,m,Firmenadresse,nein,0
873,Inland,C,2,1240,2404,true,m,Firmenadresse,ja,54
190,Inland,U,1,1569,1569,true,m,Firmenadresse,ja,32
1413,Inland,C,1,1968,1968,true,w,Firmenadresse,nein,0
235,Inland,E,2,2802,2834,true,w,Firmenadresse,ja,130
685,Inland,A,3,441,3025,false,m,Firmenadresse,nein,0
1248,Ausland,H,2,1618,1639,false,m,Privatadresse,nein,0
1408,Inland,D,1,3249,3249,false,w,Firmenadresse,nein,0
1579,Inland,H,2,1235,1252,false,w,Privatadresse,nein,0
884,Inland,O,0,3747,3747,false,m,Firmenadresse,nein,0
1131,Inland,E,1,2856,2856,false,w,Firmenadresse,nein,0
540,Inland,O,0,3745,3745,true,w,Firmenadresse,nein,0
318,Inland,A,1,2102,2102,true,m,Firmenadresse,ja,161
1896,Inland,T,1,3047,3047,false,m,Privatadresse,nein,0
421,Inland,A,1,2919,2919,false,m,Privatadresse,nein,0
1453,Ausland,R,1,4036,4036,false,m,Privatadresse,ja,129
110,Inland,B,1,3356,3356,false,w,Firmenadresse,nein,0
1738,Inland,C,1,192,192,true,w,Firmenadresse,nein,0
111,Ausland,A,3,3791,3852,true,m,Privatadresse,ja,534
682,Inland,A,1,3041,3041,true,w,Firmenadresse,ja,30
1081,Inland,U,1,2857,2857,false,w,Firmenadresse,nein,0
1110,Inland,R,1,724,724,true,m,Firmenadresse,ja,43
1418,Ausland,E,0,2728,2728,false,w,Firmenadresse,nein,0
759,Inland,C,1,198,198,true,w,Firmenadresse,nein,0
1690,Inland,W,1,1128,1128,false,w,Privatadresse,ja,44
1161,Inland,C,1,204,217,false,m,Firmenadresse,nein,0
787,Inland,U,2,1043,2733,false,m,Firmenadresse,ja,335
74,Inland,O,0,3747,3747,false,m,Firmenadresse,nein,0
469,Inland,E,0,2728,2728,true,m,Firmenadresse,nein,0
489,Inland,A,0,3507,3507,false,m,Firmenadresse,nein,0
1444,Inland,W,1,751,751,false,m,Firmenadresse,ja,43
1871,Inland,O,0,3747,3747,false,w,Firmenadresse,nein,0
802,Inland,S,2,539,2544,true,m,Firmenadresse,ja,131
1078,Inland,E,0,2905,2905,false,w,Firmenadresse,nein,0
684,Inland,H,2,1582,1625,false,m,Privatadresse,nein,0
1681,Inland,X,1,2291,2291,true,w,Firmenadresse,nein,0
227,Inland,U,1,2081,2081,true,w,Privatadresse,ja,130
1452,Ausland,O,0,3747,3747,false,w,Firmenadresse,nein,0
1351,Inland,R,1,178,216,false,m,Firmenadresse,nein,0
1483,Inland,D,1,3464,3464,false,m,Firmenadresse,nein,0
56,Inland,E,0,3157,3157,false,m,Privatadresse,nein,0
1867,Ausland,B,5,1170,3405,true,w,Firmenadresse,ja,598
1291,Inland,A,0,3401,3401,false,w,Firmenadresse,nein,0
580,Inland,A,2,3374,3374,true,w,Privatadresse,ja,128
1897,Inland,A,1,2744,2744,false,w,Firmenadresse,nein,0
663,Inland,W,0,2891,2891,true,w,Firmenadresse,nein,0
1676,Inland,H,2,1856,1883,false,m,Privatadresse,nein,0
1130,Inland,W,1,1879,1910,false,w,Privatadresse,nein,0
301,Inland,C,2,3791,3791,true,m,Firmenadresse,ja,88
1384,Inland,E,1,3157,3157,true,m,Firmenadresse,ja,220
1235,Inland,A,1,3613,3613,false,m,Firmenadresse,nein,0
281,Inland,A,0,744,744,true,w,Firmenadresse,nein,0
439,Inland,A,3,1568,2935,true,w,Firmenadresse,ja,344
1911,Inland,H,4,841,2088,false,w,Privatadresse,ja,44
1190,Inland,M,1,925,925,true,m,Firmenadresse,ja,104
2,Inland,E,0,2900,2900,true,m,Firmenadresse,nein,0
1013,Inland,E,0,2773,2773,true,m,Firmenadresse,nein,0
1773,Ausland,E,1,2744,2744,false,m,Firmenadresse,nein,0
500,Ausland,U,1,2236,2236,false,w,Firmenadresse,nein,0
1724,Inland,U,2,2284,2634,false,m,Privatadresse,ja,251
452,Inland,O,0,3747,3747,false,w,Firmenadresse,nein,0
409,Inland,M,1,906,906,true,w,Privatadresse,ja,141
778,Inland,E,1,1752,1752,false,m,Firmenadresse,ja,54
1892,Ausland,E,1,2859,2859,false,w,Firmenadresse,nein,0
1424,Inland,B,2,3390,3390,false,w,Privatadresse,ja,98
765,Ausland,H,3,1442,1583,false,w,Privatadresse,ja,79
134,Inland,C,1,2404,2404,false,m,Firmenadresse,nein,0
617,Inland,X,0,2877,2877,false,w,Firmenadresse,nein,0
1155,Inland,S,1,27,27,false,m,Firmenadresse,nein,0
196,Inland,B,1,3660,3660,true,m,Firmenadresse,nein,0
557,Ausland,A,0,3394,3394,true,m,Firmenadresse,nein,0
283,Inland,U,4,1129,2348,false,w,Firmenadresse,ja,280
259,Ausland,W,1,814,814,true,m,Firmenadresse,ja,172
1943,Inland,W,0,280,280,true,m,Firmenadresse,nein,0
1790,Inland,A,0,3401,3401,false,m,Firmenadresse,nein,0
419,Inland,H,2,1780,1808,false,w,Privatadresse,nein,0
605,Ausland,W,0,238,238,true,m,Privatadresse,nein,0
1663,Inland,E,0,2900,2900,true,m,Firmenadresse,nein,0
670,Inland,W,0,1164,1164,false,m,Firmenadresse,nein,0
1380,Inland,T,1,2962,3248,true,m,Firmenadresse,ja,128
146,Inland,U,1,1109,1109,false,w,Firmenadresse,ja,21
1707,Ausland,U,2,3579,3579,true,m,Firmenadresse,ja,107
428,Inland,C,1,3125,3125,true,w,Firmenadresse,ja,103
568,Inland,W,1,1795,1795,false,w,Firmenadresse,ja,230
1394,Inland,A,0,2900,2900,true,w,Firmenadresse,nein,0
1049,Inland,A,1,4096,4096,true,m,Firmenadresse,ja,229
991,Inland,O,0,3746,3746,true,m,Firmenadresse,nein,0
237,Inland,E,1,2562,2562,true,m,Firmenadresse,ja,35
763,Inland,C,1,1240,1240,false,m,Firmenadresse,nein,0
1374,Ausland,H,2,1962,1983,false,w,Privatadresse,nein,0
1927,Ausland,E,1,2583,2583,false,w,Firmenadresse,nein,0
1175,Inland,R,1,4065,4065,false,m,Privatadresse,ja,99
1478,Inland,O,1,3600,3746,false,w,Privatadresse,ja,167
1142,Inland,B,1,3292,3292,false,w,Firmenadresse,ja,128
1574,Inland,C,3,1836,4096,false,w,Firmenadresse,ja,179
1356,Inland,B,0,3680,3680,false,m,Firmenadresse,nein,0
597,Inland,E,1,2445,2445,true,w,Privatadresse,ja,35
294,Ausland,R,3,1415,2296,false,m,Privatadresse,nein,0
550,Inland,W,1,2355,2355,false,w,Firmenadresse,nein,0
269,Inland,B,4,1134,3566,true,w,Firmenadresse,ja,271
105,Inland,U,1,1112,1112,false,m,Firmenadresse,ja,164
119,Inland,C,1,2404,2404,false,w,Firmenadresse,ja,114
1541,Inland,R,1,2912,2912,true,m,Firmenadresse,ja,161
744,Inland,A,3,1130,3664,false,w,Firmenadresse,ja,274
1929,Ausland,E,5,1639,2737,true,w,Firmenadresse,ja,563
1425,Inland,E,0,3061,3061,false,w,Privatadresse,nein,0
1494,Inland,X,1,469,469,false,w,Privatadresse,ja,163
492,Ausland,E,2,1976,2129,false,w,Firmenadresse,ja,43
1526,Inland,D,2,3768,3768,true,w,Firmenadresse,ja,198
495,Inland,X,0,2877,2877,false,m,Firmenadresse,nein,0
1842,Inland,B,0,3522,3522,false,m,Firmenadresse,nein,0
764,Inland,U,0,3311,3311,false,m,Firmenadresse,nein,0
1688,Inland,S,2,1115,2005,true,w,Firmenadresse,ja,390
129,Inland,U,2,785,814,true,w,Firmenadresse,ja,206
934,Inland,A,5,1011,2492,false,m,Privatadresse,ja,471
1900,Inland,D,3,3215,3684,false,m,Firmenadresse,ja,122
1803,Ausland,W,1,967,967,false,w,Privatadresse,nein,0
634,Inland,U,1,4065,4065,true,m,Firmenadresse,ja,128
141,Inland,E,1,2856,2856,false,m,Firmenadresse,nein,0
1847,Inland,A,1,608,608,false,w,Firmenadresse,nein,0
463,Inland,X,1,1962,1981,true,m,Privatadresse,nein,0
1918,Ausland,A,0,3394,3394,false,m,Firmenadresse,nein,0
975,Inland,O,4,871,3746,false,m,Firmenadresse,ja,496
977,Ausland,W,3,1137,1323,false,m,Firmenadresse,ja,292
528,Inland,U,1,2607,2607,true,w,Firmenadresse,ja,6
1737,Inland,S,0,2004,2004,false,w,Firmenadresse,nein,0
1731,Inland,E,0,3171,3171,false,m,Privatadresse,nein,0
1261,Inland,W,1,364,364,false,m,Firmenadresse,ja,149
603,Inland,A,1,2781,2781,true,w,Firmenadresse,ja,130
255,Inland,A,1,2648,2648,true,m,Firmenadresse,ja,130
1030,Inland,E,1,2802,2802,false,w,Firmenadresse,nein,0
1226,Inland,D,2,2318,2333,true,w,Firmenadresse,ja,161
1349,Inland,E,1,2982,2982,false,m,Firmenadresse,nein,0
1338,Inland,R,0,4157,4157,true,w,Firmenadresse,nein,0
1417,Ausland,B,1,3458,3458,false,m,Firmenadresse,nein,0
880,Inland,W,2,2009,2059,false,m,Firmenadresse,ja,230
907,Inland,W,1,891,891,true,m,Firmenadresse,ja,163
308,Inland,W,1,1290,1290,false,w,Firmenadresse,ja,112
1945,Inland,B,0,3522,3522,true,m,Firmenadresse,nein,0
1217,Inland,A,1,689,689,true,w,Firmenadresse,nein,0
716,Inland,A,2,465,2438,true,w,Privatadresse,ja,260
1877,Ausland,U,1,2767,2767,true,w,Firmenadresse,nein,0
424,Inland,D,4,1122,3791,false,w,Firmenadresse,ja,274
855,Inland,B,2,2975,2984,false,w,Firmenadresse,ja,160
465,Ausland,W,1,1091,1091,false,w,Firmenadresse,nein,0
731,Inland,C,1,869,869,true,m,Firmenadresse,nein,0
1769,Inland,C,0,896,896,false,w,Firmenadresse,nein,0
1949,Inland,W,1,1564,1564,true,m,Firmenadresse,ja,91
1185,Ausland,E,0,2767,2767,false,m,Firmenadresse,nein,0
1746,Ausland,E,1,3453,3453,true,w,Firmenadresse,nein,0
631,Inland,T,1,3791,3791,true,w,Firmenadresse,nein,0
551,Ausland,U,1,2220,2220,false,m,Firmenadresse,ja,171
851,Inland,A,4,801,1865,true,m,Firmenadresse,ja,253
1459,Inland,W,1,167,167,true,w,Firmenadresse,ja,43
1409,Ausland,E,1,2880,2880,true,m,Firmenadresse,nein,0
1118,Inland,U,1,556,556,true,w,Firmenadresse,ja,174
669,Inland,E,1,2787,2787,true,w,Firmenadresse,nein,0
629,Inland,W,0,1598,1598,false,w,Firmenadresse,nein,0
1946,Inland,W,2,1073,1080,false,m,Firmenadresse,ja,57
1461,Inland,A,0,3401,3401,false,m,Firmenadresse,nein,0
1981,Inland,D,1,3340,3340,true,m,Firmenadresse,ja,98
1650,Ausland,E,1,2670,2670,false,m,Firmenadresse,nein,0
1633,Inland,H,2,1582,1603,true,w,Privatadresse,nein,0
362,Ausland,H,3,841,2088,true,m,Privatadresse,ja,50
332,Inland,B,3,2481,3359,true,m,Firmenadresse,ja,619
1305,Inland,A,1,2914,2914,true,m,Firmenadresse,ja,85
220,Inland,R,1,182,182,true,m,Firmenadresse,ja,1075
1303,Inland,A,5,295,3020,true,m,Privatadresse,ja,531
1327,Inland,W,0,462,462,false,m,Firmenadresse,nein,0
510,Inland,C,1,196,196,false,m,Firmenadresse,nein,0
983,Inland,U,2,3791,3791,false,m,Privatadresse,ja,98
1037,Inland,W,2,492,1373,false,m,Firmenadresse,ja,43
1948,Inland,B,0,3369,3369,false,m,Firmenadresse,nein,0
964,Inland,E,3,2799,2848,true,w,Firmenadresse,ja,104
1311,Inland,E,4,2850,3458,true,m,Privatadresse,ja,129
249,Inland,A,1,3011,3011,false,m,Firmenadresse,ja,80
1407,Inland,M,0,1242,1242,false,w,Firmenadresse,nein,0
1436,Inland,R,0,1044,1044,false,m,Privatadresse,nein,0
1938,Inland,B,1,3655,3655,true,m,Firmenadresse,nein,0
1016,Ausland,B,1,3548,3548,false,w,Firmenadresse,nein,0
103,Inland,R,0,2781,2781,false,m,Firmenadresse,nein,0
1178,Inland,A,0,2376,2376,true,w,Firmenadresse,nein,0
329,Inland,B,0,3522,3522,false,w,Firmenadresse,nein,0
826,Inland,C,2,807,2758,true,w,Firmenadresse,ja,114
770,Inland,C,1,829,829,false,m,Firmenadresse,nein,0
905,Inland,D,8,1030,3269,true,w,Firmenadresse,ja,819
772,Inland,A,1,216,3401,false,m,Privatadresse,nein,0
679,Inland,R,0,2221,2221,false,m,Firmenadresse,nein,0
958,Inland,S,2,2072,2100,false,m,Firmenadresse,ja,105
1758,Inland,R,4,227,2915,true,m,Privatadresse,ja,508
583,Inland,C,1,1680,1680,true,m,Firmenadresse,ja,116
3,Inland,T,2,3883,3914,false,w,Firmenadresse,ja,127
422,Inland,E,0,2735,2735,false,m,Firmenadresse,nein,0
1121,Ausland,B,1,3548,3548,true,w,Firmenadresse,nein,0
649,Inland,M,2,3381,3381,true,w,Firmenadresse,ja,98
906,Ausland,O,1,3578,3746,true,w,Privatadresse,ja,130
1553,Inland,D,2,2831,2837,false,w,Firmenadresse,ja,100
834,Inland,E,1,2786,2786,false,m,Firmenadresse,nein,0
1236,Inland,R,3,1877,1969,true,m,Firmenadresse,ja,212
1523,Inland,E,1,2530,2530,false,m,Firmenadresse,ja,130
55,Inland,U,1,1170,1170,true,m,Firmenadresse,ja,375
1886,Inland,R,1,2128,2128,false,w,Firmenadresse,nein,0
1470,Inland,E,1,2213,2213,false,w,Firmenadresse,ja,65
61,Inland,B,3,2957,3278,true,m,Firmenadresse,ja,136
1522,Inland,A,3,1031,3852,true,w,Privatadresse,ja,214
1122,Inland,C,1,2404,2404,false,w,Firmenadresse,nein,0
1035,Inland,E,5,534,2400,false,w,Firmenadresse,ja,361
1489,Ausland,O,0,3746,3746,true,m,Firmenadresse,nein,0
933,Ausland,W,1,1190,1190,false,m,Firmenadresse,ja,205
832,Inland,A,1,890,890,true,m,Firmenadresse,nein,0
275,Ausland,E,0,2705,2705,false,m,Firmenadresse,nein,0
1105,Inland,H,3,455,731,false,w,Privatadresse,nein,0
1973,Inland,A,3,939,1746,false,w,Firmenadresse,ja,320
1711,Ausland,W,1,1850,1850,true,w,Firmenadresse,ja,136
1753,Inland,R,1,2634,2634,true,w,Firmenadresse,ja,74
1653,Inland,S,0,2732,2732,false,w,Firmenadresse,nein,0
1275,Inland,R,1,3883,3883,true,w,Privatadresse,ja,128
1818,Ausland,E,2,3276,3311,true,w,Firmenadresse,ja,140
87,Inland,W,2,841,1162,true,w,Privatadresse,ja,158
1411,Ausland,A,1,2282,2282,false,w,Privatadresse,nein,0
877,Inland,A,1,2117,2117,false,m,Firmenadresse,ja,161
653,Inland,B,3,792,3689,false,m,Firmenadresse,ja,331
762,Inland,A,2,3670,3670,true,m,Firmenadresse,ja,19
1152,Ausland,O,0,3747,3747,true,m,Firmenadresse,nein,0
1634,Inland,W,2,1646,1709,false,w,Privatadresse,ja,167
472,Ausland,W,0,220,220,false,m,Firmenadresse,nein,0
1544,Ausland,W,1,973,973,true,w,Privatadresse,ja,243
1556,Inland,B,1,2831,2831,true,m,Firmenadresse,ja,160
1480,Inland,H,2,1752,1771,false,w,Privatadresse,nein,0
1561,Inland,W,2,835,1086,true,m,Firmenadresse,ja,99
123,Inland,A,1,1154,1154,false,w,Privatadresse,ja,205
19,Inland,E,2,1879,1914,true,m,Privatadresse,ja,130
1638,Ausland,B,1,3390,3390,true,w,Firmenadresse,nein,0
1391,Inland,W,1,1261,1261,true,w,Privatadresse,ja,45
454,Inland,U,1,2772,2772,true,w,Firmenadresse,ja,135
351,Inland,M,1,891,891,true,m,Firmenadresse,ja,81
1126,Inland,W,1,658,658,false,m,Firmenadresse,ja,56
1846,Inland,B,1,3513,3513,true,m,Firmenadresse,nein,0
1687,Ausland,H,2,1856,1883,false,w,Privatadresse,nein,0
1978,Inland,U,2,3678,3678,false,m,Firmenadresse,nein,0
798,Ausland,W,1,1319,1319,true,m,Firmenadresse,nein,0
686,Inland,B,1,3397,3397,false,w,Firmenadresse,nein,0
693,Inland,R,1,1673,1673,true,w,Firmenadresse,ja,129
640,Inland,B,0,3680,3680,false,w,Firmenadresse,nein,0
992,Inland,D,1,3229,3229,true,m,Firmenadresse,ja,279
1132,Inland,A,1,2872,2872,false,w,Firmenadresse,nein,0
558,Inland,H,1,1618,1654,true,w,Privatadresse,nein,0
1554,Ausland,E,1,822,822,true,m,Firmenadresse,ja,56
1221,Inland,A,1,2851,2851,false,m,Firmenadresse,nein,0
1902,Ausland,W,4,1135,1387,false,w,Firmenadresse,ja,272
2000,Inland,R,1,1261,1844,false,w,Firmenadresse,nein,0
232,Inland,A,1,2996,2996,true,w,Firmenadresse,ja,184
697,Inland,U,1,3883,3883,true,w,Firmenadresse,ja,97
136,Inland,A,4,1121,4065,true,m,Firmenadresse,ja,420
310,Inland,U,1,1968,1968,true,w,Firmenadresse,ja,255
260,Inland,W,1,58,58,true,w,Firmenadresse,ja,99
1590,Inland,U,0,4127,4127,false,m,Firmenadresse,nein,0
1100,Inland,R,1,486,486,true,m,Firmenadresse,ja,159
1860,Inland,C,1,896,896,false,m,Firmenadresse,nein,0
801,Inland,H,2,1710,1750,true,m,Privatadresse,nein,0
1568,Inland,D,1,3243,3243,false,m,Firmenadresse,ja,183
189,Inland,R,4,1989,3255,false,m,Firmenadresse,ja,130
104,Inland,W,1,511,511,false,w,Firmenadresse,nein,0
1491,Inland,W,1,1008,1008,true,m,Firmenadresse,nein,0
1796,Inland,A,2,3703,3703,false,m,Firmenadresse,nein,0
857,Inland,D,1,3446,3446,false,m,Firmenadresse,nein,0
1205,Inland,O,0,3747,3747,false,m,Firmenadresse,nein,0
401,Ausland,W,2,864,1248,false,m,Firmenadresse,ja,163
516,Inland,R,3,1592,1683,true,m,Privatadresse,ja,30
1258,Inland,R,0,2569,2569,true,w,Firmenadresse,nein,0
1484,Inland,R,0,616,616,false,m,Firmenadresse,nein,0
1578,Ausland,U,1,640,640,true,m,Firmenadresse,ja,58
1861,Ausland,W,1,1073,1073,true,w,Firmenadresse,ja,105
1515,Inland,E,1,2298,2298,true,m,Firmenadresse,nein,0
1265,Ausland,A,0,4096,4096,false,w,Firmenadresse,nein,0
497,Inland,R,0,1227,1227,false,m,Firmenadresse,nein,0
1512,Inland,W,1,923,923,true,w,Firmenadresse,nein,0
691,Inland,E,1,709,709,true,w,Firmenadresse,ja,160
22,Inland,R,2,1928,1983,false,m,Firmenadresse,ja,161
430,Ausland,O,0,3747,3747,false,m,Firmenadresse,nein,0
659,Ausland,U,1,2662,2662,false,w,Firmenadresse,nein,0
939,Inland,U,0,3354,3354,true,m,Firmenadresse,nein,0
548,Inland,B,1,2918,2918,true,m,Firmenadresse,nein,0
1243,Inland,U,2,1521,1577,true,w,Privatadresse,ja,40
1321,Inland,R,3,2235,2256,true,w,Firmenadresse,ja,390
1134,Inland,U,1,1779,1779,false,w,Firmenadresse,nein,0
72,Inland,S,0,3125,3125,false,w,Firmenadresse,nein,0
596,Inland,E,2,2199,2257,true,m,Firmenadresse,ja,81
654,Inland,A,0,3394,3394,false,m,Firmenadresse,nein,0
1108,Inland,W,1,1350,1350,true,m,Firmenadresse,nein,0
665,Inland,C,2,490,2017,true,w,Firmenadresse,ja,276
1228,Inland,S,1,2838,2838,true,w,Firmenadresse,ja,35
1251,Ausland,B,1,3548,3548,false,w,Firmenadresse,nein,0
24,Inland,W,2,1463,1486,false,w,Privatadresse,ja,174
1181,Inland,A,0,2786,2786,false,m,Firmenadresse,nein,0
1211,Ausland,E,0,2765,2765,true,w,Firmenadresse,nein,0
113,Ausland,A,1,4005,4005,true,m,Firmenadresse,ja,105
1403,Inland,H,2,1842,1865,false,m,Privatadresse,nein,0
1455,Inland,B,5,520,3472,false,w,Firmenadresse,ja,456
1713,Inland,S,1,3177,3177,false,m,Firmenadresse,ja,10
1395,Inland,R,0,2508,2508,false,w,Privatadresse,nein,0
1626,Inland,W,1,723,723,false,m,Privatadresse,nein,0
306,Inland,E,1,512,512,false,w,Privatadresse,nein,0
611,Inland,B,1,3548,3548,false,w,Firmenadresse,nein,0
1197,Inland,U,1,4096,4096,true,w,Firmenadresse,nein,0
711,Inland,E,1,2897,2897,true,w,Firmenadresse,nein,1
1936,Inland,E,1,2705,2705,false,m,Privatadresse,nein,0
388,Inland,S,2,2072,2102,false,w,Firmenadresse,ja,105
1823,Inland,E,1,2752,2779,false,w,Firmenadresse,nein,0
173,Ausland,A,0,2185,2185,false,m,Firmenadresse,nein,0
177,Inland,E,1,2855,2855,false,m,Firmenadresse,nein,0
1254,Inland,X,1,1962,1983,false,w,Privatadresse,nein,0
397,Inland,H,2,1415,1436,false,m,Privatadresse,nein,0
447,Inland,E,1,2249,2249,false,w,Firmenadresse,ja,54
274,Inland,R,1,1415,1428,false,m,Privatadresse,nein,0
420,Inland,E,2,247,2361,false,w,Firmenadresse,ja,324
9,Inland,A,4,525,2914,true,m,Firmenadresse,ja,489
1092,Ausland,E,2,1920,1963,true,m,Firmenadresse,ja,138
842,Inland,S,1,1646,1715,false,m,Privatadresse,nein,0
1381,Inland,R,0,3122,3122,false,w,Firmenadresse,nein,0
743,Inland,A,2,3054,3067,false,m,Privatadresse,ja,99
1447,Inland,E,1,2481,2481,true,m,Firmenadresse,ja,130
615,Inland,R,2,162,188,true,m,Firmenadresse,ja,1162
729,Inland,A,1,4036,4036,false,w,Firmenadresse,ja,65
15,Ausland,W,1,1465,1465,false,w,Privatadresse,ja,192
858,Inland,C,1,862,862,false,m,Firmenadresse,nein,0
1895,Inland,U,0,1673,1673,false,m,Firmenadresse,nein,0
1103,Inland,U,1,3311,3311,true,m,Firmenadresse,nein,0
735,Ausland,E,1,2634,2634,false,m,Firmenadresse,ja,116
54,Inland,R,0,1822,1822,true,m,Firmenadresse,nein,0
441,Inland,E,1,2863,2863,false,w,Firmenadresse,nein,0
1201,Inland,C,1,3125,3125,true,w,Firmenadresse,ja,103
1071,Inland,B,0,3500,3500,false,m,Firmenadresse,nein,0
161,Inland,A,0,3138,3138,true,w,Privatadresse,nein,0
1287,Inland,A,2,3605,3944,false,w,Firmenadresse,ja,246
1514,Inland,A,1,3306,3306,false,m,Firmenadresse,nein,0
278,Inland,C,1,833,833,false,m,Firmenadresse,nein,0
375,Inland,A,1,3095,3095,false,w,Firmenadresse,nein,0
643,Inland,A,1,582,829,false,m,Firmenadresse,ja,69
1339,Ausland,U,2,1701,1815,false,m,Firmenadresse,ja,192
791,Inland,A,0,744,744,false,m,Firmenadresse,nein,0
171,Inland,C,1,1968,1968,true,m,Firmenadresse,nein,0
1838,Inland,S,1,3398,3398,false,m,Firmenadresse,ja,10
1791,Inland,U,1,3177,3177,true,w,Privatadresse,nein,0
1343,Inland,E,2,3374,3453,true,w,Firmenadresse,ja,130
1822,Inland,R,1,1346,1381,true,w,Privatadresse,nein,0
720,Inland,W,2,841,1091,false,m,Privatadresse,nein,0
1020,Inland,R,3,1879,2725,false,m,Privatadresse,ja,164
1397,Inland,H,2,1801,1828,false,w,Privatadresse,nein,0
46,Inland,A,1,3338,3338,false,m,Privatadresse,ja,159
564,Inland,R,1,1415,1428,false,w,Privatadresse,nein,0
1330,Ausland,E,1,2101,2101,false,m,Firmenadresse,ja,146
1057,Inland,E,6,471,2348,false,m,Privatadresse,ja,623
1932,Inland,W,1,359,359,false,w,Firmenadresse,ja,43
100,Inland,E,3,822,1850,true,w,Privatadresse,ja,287
1954,Inland,D,2,1899,2345,true,w,Firmenadresse,ja,248
5,Inland,C,1,869,869,false,w,Firmenadresse,nein,0
969,Inland,C,1,2404,2404,false,w,Firmenadresse,ja,114
403,Inland,T,2,3975,4157,true,m,Firmenadresse,ja,170
1382,Inland,A,1,608,608,true,m,Firmenadresse,nein,0
739,Ausland,H,3,1436,1499,true,w,Privatadresse,ja,192
1012,Inland,W,1,427,427,false,m,Firmenadresse,nein,0
854,Ausland,A,4,1794,3101,true,m,Firmenadresse,ja,525
1026,Inland,X,4,2052,2457,true,w,Firmenadresse,ja,355
995,Inland,A,1,3684,3684,false,m,Firmenadresse,nein,0
966,Inland,M,1,3791,3791,false,m,Firmenadresse,nein,0
408,Inland,E,0,2765,2765,false,w,Firmenadresse,nein,0
1429,Inland,E,1,2848,2848,false,w,Firmenadresse,nein,0
781,Inland,H,1,2058,2058,false,m,Privatadresse,nein,0
1848,Inland,H,2,841,1191,false,m,Privatadresse,nein,0
1527,Inland,W,1,574,574,true,m,Firmenadresse,ja,495
1910,Inland,X,1,4036,4036,true,w,Firmenadresse,ja,30
810,Ausland,W,1,1464,1466,false,m,Firmenadresse,nein,0
561,Inland,U,5,1374,3229,false,m,Firmenadresse,ja,369
448,Ausland,U,3,2647,3689,false,m,Firmenadresse,ja,1255
1109,Inland,S,1,2327,2327,false,w,Privatadresse,ja,158
1499,Inland,W,2,757,855,false,m,Firmenadresse,ja,163
1192,Ausland,B,0,3522,3522,false,m,Firmenadresse,nein,0
1501,Inland,W,1,861,861,true,m,Firmenadresse,ja,65
1899,Ausland,A,0,3507,3507,false,w,Firmenadresse,nein,0
914,Inland,E,1,3454,3454,false,w,Firmenadresse,nein,0
878,Inland,R,1,2138,2138,true,w,Privatadresse,nein,0
1917,Ausland,H,2,1752,1774,false,w,Privatadresse,nein,0
1337,Inland,E,3,1021,2355,true,w,Firmenadresse,ja,182
292,Inland,E,2,2891,3166,true,w,Privatadresse,ja,143
577,Inland,U,1,3944,3944,true,m,Firmenadresse,ja,128
1302,Inland,S,0,3430,3430,false,w,Firmenadresse,nein,0
703,Inland,A,1,2941,2968,false,w,Firmenadresse,ja,285
1191,Inland,E,1,2863,2863,true,m,Firmenadresse,nein,0
803,Inland,E,1,2333,2333,false,m,Firmenadresse,ja,161
1608,Inland,R,1,2499,2499,true,w,Firmenadresse,ja,85
1034,Inland,A,0,3680,3680,true,m,Firmenadresse,nein,0
1807,Inland,C,1,945,945,false,m,Firmenadresse,nein,0
749,Inland,R,1,2158,2158,true,w,Firmenadresse,nein,0
1428,Inland,S,0,553,553,false,w,Firmenadresse,nein,0
1031,Inland,W,1,1577,1577,false,m,Firmenadresse,nein,0
284,Inland,R,2,1899,2233,false,w,Privatadresse,ja,166
522,Ausland,W,1,206,206,true,w,Firmenadresse,ja,264
1727,Inland,C,9,216,4065,true,w,Privatadresse,ja,378
1345,Inland,E,1,2719,2719,true,w,Firmenadresse,ja,105
899,Inland,T,1,2912,2913,true,m,Firmenadresse,ja,96
1540,Inland,D,1,2982,2982,false,m,Firmenadresse,nein,0
1702,Inland,C,1,3125,3125,true,m,Firmenadresse,ja,134
579,Inland,W,1,2564,2564,false,w,Firmenadresse,ja,130
1451,Inland,A,2,1135,2121,true,m,Firmenadresse,ja,281
88,Inland,A,1,2912,2912,true,m,Firmenadresse,nein,0
117,Inland,H,2,1882,1914,false,m,Privatadresse,nein,0
1083,Ausland,B,0,3502,3502,false,m,Firmenadresse,nein,0
288,Inland,E,1,2478,2478,false,w,Firmenadresse,ja,136
1850,Inland,E,0,3159,3159,false,m,Privatadresse,nein,0
1065,Inland,U,2,1415,1436,false,w,Privatadresse,nein,0
1533,Ausland,U,2,1197,1253,true,w,Firmenadresse,ja,213
1870,Inland,E,0,2765,2765,false,w,Firmenadresse,nein,0
1548,Inland,W,3,463,616,true,w,Privatadresse,ja,302
889,Inland,B,0,3680,3680,true,w,Firmenadresse,nein,0
1033,Inland,A,6,1122,2681,false,w,Privatadresse,ja,425
1673,Ausland,W,1,1416,1416,false,w,Firmenadresse,nein,0
591,Inland,S,0,181,181,true,w,Firmenadresse,nein,0
1668,Inland,W,2,1563,1568,false,w,Firmenadresse,ja,463
1549,Inland,B,3,3376,3391,false,w,Privatadresse,ja,132
1385,Inland,A,1,890,890,false,m,Firmenadresse,nein,0
1050,Inland,E,0,2977,2977,false,m,Firmenadresse,nein,0
647,Ausland,E,0,3094,3094,false,m,Privatadresse,nein,0
1923,Inland,D,2,3222,3436,true,m,Firmenadresse,ja,130
179,Inland,T,1,3944,3944,true,m,Firmenadresse,ja,68
1874,Inland,U,0,1962,1962,true,w,Firmenadresse,nein,0
412,Ausland,R,2,2744,2758,true,w,Firmenadresse,ja,86
825,Inland,O,0,3746,3746,false,m,Firmenadresse,nein,0
1090,Ausland,E,1,3040,3040,true,m,Firmenadresse,nein,0
872,Inland,E,0,2744,2744,false,w,Firmenadresse,nein,0
819,Inland,X,1,3502,3502,false,m,Firmenadresse,nein,0
1831,Inland,W,1,2415,2415,false,w,Firmenadresse,nein,0
732,Ausland,W,1,1521,1521,false,w,Firmenadresse,nein,0
1457,Ausland,W,1,1091,1091,true,w,Firmenadresse,nein,0
1009,Inland,C,1,2016,2016,false,m,Firmenadresse,ja,54
1366,Ausland,U,1,28,28,false,w,Firmenadresse,ja,255
1828,Inland,H,1,1646,1682,true,w,Privatadresse,nein,0
33,Ausland,U,1,2123,2123,false,m,Firmenadresse,nein,0
704,Inland,U,1,609,609,false,m,Firmenadresse,ja,162
745,Inland,D,3,3583,3768,false,w,Firmenadresse,ja,100
1815,Ausland,U,1,3342,3342,false,m,Firmenadresse,ja,110
432,Inland,A,4,1498,2831,false,m,Privatadresse,ja,209
1558,Inland,W,1,366,366,false,w,Firmenadresse,nein,0
1942,Inland,B,1,3384,3384,false,w,Firmenadresse,nein,0
1941,Inland,A,2,1570,2369,true,m,Firmenadresse,ja,203
708,Inland,D,2,2466,3283,true,w,Firmenadresse,ja,188
1430,Inland,C,2,1995,2010,true,w,Privatadresse,ja,117
535,Inland,X,1,2941,2941,true,m,Firmenadresse,nein,0
1353,Inland,W,1,653,653,false,w,Firmenadresse,ja,263
483,Ausland,W,1,665,665,false,m,Privatadresse,nein,0
381,Inland,U,2,3283,3306,true,w,Firmenadresse,ja,128
584,Inland,W,0,1870,1870,false,m,Firmenadresse,nein,0
133,Inland,B,1,3009,3009,false,w,Privatadresse,ja,129
143,Inland,U,1,2960,3213,true,m,Firmenadresse,ja,129
120,Inland,R,1,667,667,false,m,Firmenadresse,ja,324
228,Ausland,W,1,2541,2541,false,w,Firmenadresse,ja,174
1800,Inland,D,2,2326,2334,true,m,Firmenadresse,ja,343
1505,Inland,E,0,2905,2905,false,w,Firmenadresse,nein,0
813,Inland,M,1,905,905,false,m,Firmenadresse,ja,81
1680,Inland,A,0,3507,3507,true,w,Firmenadresse,nein,0
1750,Inland,E,1,2311,2311,true,m,Firmenadresse,nein,0
1622,Inland,M,0,843,843,false,m,Firmenadresse,nein,0
1507,Inland,P,1,3615,3615,true,w,Firmenadresse,ja,43
142,Inland,E,0,2977,2977,false,w,Firmenadresse,nein,0
1336,Inland,A,1,2912,2912,false,m,Firmenadresse,ja,161
436,Inland,C,1,216,216,true,m,Firmenadresse,nein,0
336,Inland,W,1,2278,2278,true,m,Firmenadresse,nein,0
539,Ausland,A,2,3636,3648,true,m,Firmenadresse,ja,128
1091,Ausland,W,1,1318,1318,true,m,Firmenadresse,nein,0
786,Inland,A,1,2828,2828,false,m,Firmenadresse,ja,130
426,Inland,W,1,644,644,false,m,Privatadresse,nein,0
213,Inland,W,2,1577,1589,true,w,Firmenadresse,ja,277
357,Inland,H,2,681,714,false,w,Privatadresse,nein,0
985,Inland,A,0,3394,3394,false,m,Firmenadresse,nein,0
298,Inland,H,2,1752,1774,true,m,Firmenadresse,nein,0
607,Inland,D,2,2326,2333,true,m,Firmenadresse,ja,161
303,Inland,E,1,1690,1690,false,w,Firmenadresse,ja,90
1890,Inland,S,0,77,77,false,w,Firmenadresse,nein,0
156,Inland,W,3,1242,1394,true,m,Privatadresse,ja,432
630,Inland,S,1,554,554,true,w,Firmenadresse,nein,0
633,Inland,U,1,1885,1885,false,m,Firmenadresse,nein,0
184,Ausland,W,1,140,140,false,m,Privatadresse,nein,0
1412,Inland,H,2,1346,1381,false,m,Privatadresse,nein,0
1529,Inland,D,5,463,3649,true,m,Firmenadresse,ja,402
1587,Inland,D,1,3265,3265,false,m,Firmenadresse,ja,98
415,Inland,U,0,2802,2802,false,m,Firmenadresse,nein,0
28,Inland,A,0,1569,1569,true,w,Firmenadresse,nein,0
476,Inland,A,1,2999,2999,true,w,Firmenadresse,ja,34
339,Inland,A,1,2529,2529,false,w,Firmenadresse,nein,0
1820,Ausland,B,0,3494,3494,false,m,Firmenadresse,nein,0
1350,Inland,C,3,995,3125,true,m,Firmenadresse,ja,236
347,Inland,H,4,492,1792,true,m,Privatadresse,ja,139
1249,Inland,H,2,1436,1463,false,m,Privatadresse,nein,0
1301,Inland,E,0,2773,2773,true,w,Firmenadresse,nein,0
581,Inland,D,2,3759,3760,false,m,Firmenadresse,nein,0
1836,Inland,M,1,960,960,false,m,Firmenadresse,ja,81
1019,Inland,C,1,198,198,false,w,Firmenadresse,nein,0
1355,Inland,A,0,3394,3394,true,w,Firmenadresse,nein,0
1335,Ausland,A,2,2548,2799,true,m,Firmenadresse,ja,236
1967,Ausland,C,1,216,216,false,m,Privatadresse,nein,0
930,Inland,W,3,486,1849,false,m,Privatadresse,ja,266
219,Inland,U,3,191,2024,true,m,Firmenadresse,ja,363
959,Inland,W,3,91,1472,true,w,Firmenadresse,ja,1370
115,Inland,U,6,1128,3791,true,w,Privatadresse,ja,404
1372,Inland,H,2,1646,1694,false,m,Privatadresse,nein,0
521,Inland,B,0,3353,3353,true,m,Firmenadresse,nein,0
846,Inland,T,1,1277,1277,true,w,Firmenadresse,ja,164
752,Inland,M,2,3660,3660,false,m,Firmenadresse,nein,0
1456,Ausland,A,2,3552,3552,true,m,Firmenadresse,ja,45
678,Inland,U,1,581,581,false,m,Privatadresse,ja,203
323,Inland,P,2,520,1008,true,m,Firmenadresse,ja,212
595,Inland,E,1,2878,2900,false,w,Firmenadresse,nein,0
1830,Inland,E,1,2656,2656,true,m,Firmenadresse,ja,130
354,Inland,C,2,2054,2404,true,m,Firmenadresse,ja,25
505,Inland,S,2,2962,3244,true,m,Firmenadresse,ja,95
1720,Inland,M,1,920,920,false,m,Privatadresse,ja,141
406,Inland,A,0,1709,1709,false,w,Firmenadresse,nein,0
410,Inland,U,2,1498,1536,true,w,Privatadresse,ja,40
932,Inland,B,0,3680,3680,false,w,Firmenadresse,nein,0
1182,Ausland,U,0,2859,2859,false,m,Firmenadresse,nein,0
1232,Inland,A,1,3180,3180,false,w,Firmenadresse,nein,0
994,Inland,W,1,868,868,true,w,Firmenadresse,ja,43
139,Inland,U,0,2891,2912,true,m,Firmenadresse,nein,0
1625,Ausland,W,1,1087,1087,true,m,Firmenadresse,ja,263
1153,Inland,A,1,3822,3822,false,m,Firmenadresse,ja,97
1975,Ausland,E,1,1708,1708,false,w,Firmenadresse,ja,98
207,Inland,U,1,50,50,true,m,Firmenadresse,ja,25
560,Inland,D,0,3694,3694,true,w,Firmenadresse,nein,0
1229,Inland,E,0,2730,2730,false,w,Firmenadresse,nein,0
517,Inland,H,1,681,681,true,w,Privatadresse,nein,0
804,Inland,R,1,2626,2626,true,m,Firmenadresse,ja,25
1266,Inland,R,1,2977,2977,false,w,Privatadresse,nein,0
1934,Inland,A,1,2848,2848,false,m,Privatadresse,nein,0
200,Ausland,E,1,2502,2502,false,w,Privatadresse,nein,0
1469,Inland,U,2,1149,3094,true,w,Firmenadresse,ja,411
1776,Inland,R,1,3229,3229,true,m,Firmenadresse,ja,68
1054,Inland,U,1,3822,3822,true,w,Firmenadresse,nein,0
498,Inland,U,3,2052,2837,false,w,Firmenadresse,ja,200
486,Inland,A,1,2415,2415,true,m,Firmenadresse,ja,35
931,Inland,R,2,3445,3458,false,w,Firmenadresse,nein,0
1135,Inland,S,0,1036,1036,true,m,Firmenadresse,nein,0
496,Inland,A,2,2812,3944,false,w,Firmenadresse,ja,183
1018,Inland,U,2,1710,1743,false,m,Privatadresse,ja,311
874,Inland,H,2,834,855,false,w,Privatadresse,nein,0
1284,Inland,B,1,3755,3755,false,m,Firmenadresse,nein,0
1740,Inland,T,1,3222,3222,true,m,Firmenadresse,ja,34
642,Inland,D,1,3478,3478,false,w,Firmenadresse,nein,0
95,Inland,A,1,2872,2872,false,m,Firmenadresse,nein,0
674,Inland,A,3,2829,3381,false,m,Firmenadresse,ja,163
1323,Inland,D,1,3020,3020,false,m,Firmenadresse,ja,129
1661,Inland,R,3,1976,2834,true,w,Firmenadresse,ja,67
766,Inland,W,0,71,71,false,w,Firmenadresse,nein,0
1856,Inland,U,2,3548,3548,true,m,Privatadresse,ja,131
1140,Inland,A,1,890,890,true,w,Firmenadresse,nein,0
1834,Inland,W,1,304,304,false,m,Firmenadresse,nein,0
63,Inland,U,3,2908,3544,false,m,Firmenadresse,ja,261
1695,Inland,H,2,1801,1828,false,m,Privatadresse,nein,0
475,Inland,C,1,23,217,false,m,Firmenadresse,nein,0
96,Inland,U,1,2548,2548,true,w,Firmenadresse,ja,230
373,Inland,R,2,1536,1709,false,m,Firmenadresse,ja,1500
1375,Inland,W,1,1100,1100,true,w,Firmenadresse,ja,164
870,Inland,A,1,608,608,false,m,Firmenadresse,nein,0
1015,Inland,R,1,3433,3433,false,m,Firmenadresse,nein,0
822,Inland,R,1,2387,2387,false,m,Privatadresse,nein,0
1693,Inland,W,2,1823,1849,false,w,Firmenadresse,ja,230
1340,Ausland,A,0,3401,3401,true,w,Firmenadresse,nein,0
1435,Inland,E,1,2324,2324,false,w,Firmenadresse,nein,0
1368,Inland,U,3,1879,3914,true,m,Privatadresse,ja,258
1133,Ausland,W,1,829,829,false,m,Firmenadresse,ja,89
768,Inland,W,1,1605,1605,true,m,Firmenadresse,ja,85
1572,Inland,E,1,2278,2278,false,w,Firmenadresse,ja,54
1450,Ausland,E,1,2599,2599,true,w,Firmenadresse,ja,149
1674,Ausland,W,1,1528,1528,false,m,Firmenadresse,nein,0
1755,Inland,R,1,3229,3229,false,w,Firmenadresse,ja,136
363,Inland,E,0,2744,2744,true,w,Firmenadresse,nein,0
792,Inland,E,2,2656,2849,false,m,Firmenadresse,ja,85
751,Inland,R,0,104,178,false,w,Firmenadresse,nein,0
1277,Inland,W,1,1147,1147,true,m,Firmenadresse,ja,201
949,Inland,U,1,1638,1638,true,m,Firmenadresse,ja,30
1404,Inland,T,1,2960,3103,false,w,Privatadresse,ja,160
1521,Inland,A,1,2996,2996,true,w,Firmenadresse,ja,34
1378,Inland,B,1,3660,3660,true,m,Firmenadresse,nein,0
1111,Inland,B,4,1856,3694,true,w,Privatadresse,nein,0
1863,Inland,A,0,3507,3507,true,m,Firmenadresse,nein,0
671,Inland,A,1,2872,2872,false,m,Firmenadresse,nein,0
1203,Inland,H,2,744,770,false,m,Privatadresse,nein,0
1314,Inland,H,2,744,3150,false,m,Privatadresse,nein,0
794,Inland,A,1,2815,2815,false,w,Firmenadresse,nein,0
790,Inland,O,0,3746,3746,true,w,Firmenadresse,nein,0
1487,Inland,C,1,1968,1968,false,w,Firmenadresse,nein,0
1905,Inland,B,0,3522,3522,false,m,Firmenadresse,nein,0
867,Inland,R,2,3536,3541,false,m,Firmenadresse,ja,128
484,Inland,W,1,308,308,false,m,Firmenadresse,ja,40
35,Ausland,R,0,2005,2005,false,m,Privatadresse,nein,0
322,Inland,W,0,441,441,true,m,Firmenadresse,nein,0
1481,Inland,B,0,3694,3694,true,m,Firmenadresse,nein,0
10,Inland,A,1,3215,3215,false,w,Firmenadresse,ja,174
1497,Inland,U,1,2710,2723,false,w,Privatadresse,nein,0
935,Inland,R,0,55,55,false,w,Firmenadresse,nein,0
1567,Inland,E,0,2728,2728,false,m,Firmenadresse,nein,0
197,Inland,D,1,2893,2893,false,m,Firmenadresse,nein,0
1768,Inland,U,4,875,1536,false,m,Privatadresse,ja,197
1280,Inland,W,2,1758,1787,false,w,Firmenadresse,ja,230
1085,Ausland,E,1,2961,2961,false,m,Privatadresse,nein,0
797,Inland,S,0,3423,3423,false,m,Firmenadresse,nein,0
610,Inland,W,1,532,532,false,w,Privatadresse,nein,0
1824,Inland,E,2,2759,2794,false,m,Firmenadresse,ja,136
130,Inland,A,1,3883,3883,false,m,Firmenadresse,ja,67
1070,Inland,S,1,2072,2100,false,m,Firmenadresse,nein,0
799,Inland,M,3,3374,3549,false,m,Privatadresse,ja,163
471,Inland,A,1,2102,2102,true,w,Firmenadresse,ja,161
1086,Inland,H,2,1882,1933,true,w,Privatadresse,ja,4
566,Inland,R,1,3201,3201,true,m,Firmenadresse,ja,129
1686,Inland,R,1,2327,2327,true,m,Firmenadresse,ja,418
109,Inland,S,1,3724,3724,false,m,Firmenadresse,ja,305
1609,Ausland,A,0,2009,2009,true,w,Firmenadresse,nein,0
1862,Inland,O,1,3587,3746,true,m,Firmenadresse,ja,43
1814,Ausland,U,1,2955,2955,true,m,Privatadresse,ja,173
1611,Inland,S,1,2005,2005,false,m,Firmenadresse,nein,0
1500,Inland,U,6,79,3664,false,w,Firmenadresse,ja,415
1623,Inland,C,1,3125,3125,true,w,Firmenadresse,nein,0
1525,Inland,A,3,2934,2978,false,w,Firmenadresse,ja,160
81,Inland,A,1,2508,2508,false,m,Firmenadresse,ja,233
1990,Ausland,U,1,3436,3436,false,m,Firmenadresse,ja,1030
285,Inland,U,0,301,301,false,m,Firmenadresse,nein,0
65,Inland,E,6,1408,3746,false,m,Privatadresse,ja,389
657,Inland,E,1,2848,2848,false,w,Firmenadresse,nein,0
807,Inland,U,2,2887,3125,false,m,Privatadresse,ja,159
76,Inland,E,1,2848,2848,true,m,Firmenadresse,nein,0
1906,Inland,U,2,1123,1226,false,w,Privatadresse,ja,217
1868,Inland,H,3,1842,1871,false,m,Privatadresse,nein,0
740,Inland,E,2,1625,1661,false,w,Firmenadresse,ja,169
1854,Inland,A,2,3662,3662,false,w,Firmenadresse,nein,0
1770,Inland,C,1,862,862,false,w,Firmenadresse,nein,0
1825,Inland,E,1,512,512,false,w,Privatadresse,nein,0
8,Inland,B,1,3397,3397,false,m,Firmenadresse,nein,0
1433,Inland,A,5,1240,3620,false,m,Firmenadresse,ja,271
41,Inland,H,2,1752,1774,true,w,Privatadresse,nein,0
1223,Inland,M,1,3772,3772,false,m,Firmenadresse,nein,0
1348,Inland,S,1,647,647,true,w,Firmenadresse,nein,0
1947,Inland,E,1,3032,3032,false,m,Firmenadresse,nein,0
974,Inland,E,1,2849,2849,true,m,Firmenadresse,nein,0
262,Inland,C,1,2960,2999,false,w,Firmenadresse,ja,130
589,Ausland,U,2,3521,3521,false,w,Firmenadresse,ja,53
1971,Inland,M,0,3159,3159,false,m,Firmenadresse,nein,0
530,Inland,H,2,1498,1512,false,m,Privatadresse,nein,0
208,Inland,D,1,3270,3270,true,w,Firmenadresse,ja,153
1937,Inland,A,2,3716,3716,false,m,Firmenadresse,nein,0
849,Inland,U,0,3107,3107,false,w,Firmenadresse,nein,0
843,Inland,P,3,3573,4036,false,w,Firmenadresse,ja,440
1977,Inland,D,2,3791,3791,true,w,Privatadresse,ja,98
1506,Inland,U,1,1836,1836,true,m,Firmenadresse,ja,40
180,Inland,D,3,2347,3276,false,w,Firmenadresse,ja,219
1543,Inland,W,2,1240,2481,true,w,Firmenadresse,ja,371
118,Ausland,W,2,1529,1577,false,m,Firmenadresse,ja,186
861,Inland,C,1,1261,1261,true,w,Privatadresse,nein,0
1645,Inland,U,1,2150,2193,true,m,Privatadresse,nein,0
785,Ausland,B,0,3694,3694,false,w,Firmenadresse,nein,0
247,Inland,E,2,2194,2506,false,w,Privatadresse,ja,161
1300,Inland,W,1,217,217,true,m,Firmenadresse,ja,40
830,Inland,A,4,218,2278,true,w,Firmenadresse,ja,581
968,Ausland,U,1,1556,1556,true,m,Firmenadresse,ja,46
435,Inland,H,2,1801,1823,true,m,Firmenadresse,nein,0
122,Inland,A,2,3436,3517,true,m,Firmenadresse,ja,225
616,Ausland,A,0,2257,2257,false,m,Firmenadresse,nein,0
652,Inland,W,2,1752,1771,false,m,Privatadresse,nein,0
402,Inland,O,0,3747,3747,false,w,Firmenadresse,nein,0
263,Inland,U,2,1882,3883,true,w,Firmenadresse,ja,210
1763,Inland,A,7,1130,3944,true,m,Firmenadresse,ja,1055
137,Inland,X,0,2879,2879,true,w,Firmenadresse,nein,0
887,Inland,E,2,1780,1792,true,w,Privatadresse,ja,130
1471,Ausland,E,0,2879,2879,false,m,Firmenadresse,nein,0
1889,Ausland,W,1,1052,1052,false,w,Firmenadresse,nein,0
835,Ausland,R,11,918,3479,false,m,Firmenadresse,ja,1441
1664,Inland,A,2,3419,3419,true,m,Firmenadresse,nein,0
1328,Inland,R,1,2696,2696,false,w,Firmenadresse,ja,230
1149,Inland,A,1,3286,3286,true,w,Firmenadresse,ja,128
1542,Ausland,B,2,3642,3642,true,m,Firmenadresse,ja,125
128,Inland,U,1,1302,1302,true,m,Firmenadresse,ja,67
775,Inland,S,1,1991,2004,false,w,Firmenadresse,ja,103
1569,Inland,W,0,2618,2618,true,w,Firmenadresse,nein,0
1781,Inland,R,1,1948,1948,true,m,Firmenadresse,ja,54
1379,Inland,E,0,3159,3159,false,w,Firmenadresse,nein,0
77,Ausland,A,1,3125,3125,true,m,Firmenadresse,ja,160
1465,Ausland,W,1,717,717,true,m,Firmenadresse,ja,40
188,Inland,R,1,2675,2675,false,m,Firmenadresse,ja,30
1045,Ausland,R,2,469,792,true,m,Firmenadresse,ja,377
1950,Inland,T,1,3243,3243,false,m,Firmenadresse,ja,135
1115,Inland,R,2,2960,3222,false,m,Privatadresse,ja,160
1607,Inland,E,1,3339,3339,false,w,Firmenadresse,nein,0
434,Inland,S,0,345,345,true,m,Firmenadresse,nein,0
204,Inland,R,1,583,594,false,w,Firmenadresse,ja,412
1151,Inland,E,0,2900,2900,false,w,Firmenadresse,nein,0
677,Inland,D,1,3024,3024,false,m,Firmenadresse,nein,0
1536,Inland,D,0,3694,3694,false,w,Firmenadresse,nein,0
1647,Inland,U,0,2996,2996,false,m,Firmenadresse,nein,0
793,Inland,X,1,1154,1154,true,m,Privatadresse,ja,44
1474,Inland,W,1,1647,1647,true,m,Firmenadresse,ja,267
1008,Ausland,E,2,469,2499,false,w,Firmenadresse,ja,338
1584,Inland,E,1,2467,2467,true,w,Firmenadresse,ja,136
1272,Inland,A,1,3269,3269,true,w,Firmenadresse,nein,0
795,Inland,R,2,1758,1759,false,w,Privatadresse,nein,0
1387,Inland,W,1,644,644,false,m,Firmenadresse,nein,0
508,Inland,U,1,3549,3549,true,m,Firmenadresse,ja,229
1207,Inland,H,1,1646,1682,false,m,Privatadresse,nein,0
1125,Inland,R,1,23,115,true,m,Firmenadresse,nein,0
317,Ausland,A,1,408,2604,false,w,Privatadresse,ja,188
178,Inland,E,1,1890,1890,true,w,Firmenadresse,ja,77
721,Inland,A,4,1128,2996,false,m,Firmenadresse,ja,620
1976,Inland,U,6,778,2219,false,m,Firmenadresse,ja,577
1112,Inland,B,0,3694,3694,false,m,Firmenadresse,nein,0
114,Inland,W,1,1130,1130,true,m,Firmenadresse,ja,79
201,Inland,E,3,2024,2068,true,m,Firmenadresse,ja,437
913,Ausland,W,1,1107,1107,false,w,Firmenadresse,nein,0
1137,Inland,W,1,995,995,false,m,Privatadresse,nein,0
295,Inland,A,2,1120,3122,true,m,Firmenadresse,ja,200
922,Inland,D,1,3641,3641,false,m,Firmenadresse,nein,0
1263,Inland,R,4,463,772,false,w,Privatadresse,ja,406
706,Ausland,E,0,2768,2768,false,m,Firmenadresse,nein,0
1060,Ausland,U,5,1340,3045,true,w,Firmenadresse,ja,262
1671,Inland,R,1,2936,2936,true,w,Firmenadresse,ja,66
1728,Inland,H,2,1856,1883,false,m,Privatadresse,nein,0
1723,Ausland,H,1,1774,1774,true,w,Privatadresse,nein,0
662,Inland,A,0,3171,3394,false,m,Privatadresse,nein,0
1519,Ausland,W,1,2551,2551,false,m,Firmenadresse,ja,282
1128,Inland,U,1,3400,3400,false,w,Firmenadresse,nein,0
1052,Inland,H,2,1618,1653,false,w,Privatadresse,nein,0
940,Ausland,A,0,4036,4036,false,w,Firmenadresse,nein,0
1434,Inland,O,0,3747,3747,false,m,Firmenadresse,nein,0
307,Inland,A,0,3914,3914,false,w,Firmenadresse,nein,0
1194,Inland,E,1,854,854,false,m,Firmenadresse,nein,0
1782,Inland,S,1,3416,3416,true,m,Firmenadresse,ja,10
805,Inland,C,1,2375,2375,true,m,Firmenadresse,ja,145
1783,Ausland,B,0,2844,2844,true,w,Firmenadresse,nein,0
1670,Inland,O,0,3747,3747,false,m,Firmenadresse,nein,0
1313,Inland,E,5,72,2485,true,m,Firmenadresse,ja,229
612,Ausland,U,1,2962,3131,false,w,Firmenadresse,ja,136
757,Ausland,E,0,3107,3107,true,m,Firmenadresse,nein,0
1908,Inland,C,2,2380,2404,true,m,Firmenadresse,ja,88
90,Inland,W,1,1269,1269,true,w,Firmenadresse,ja,277
1866,Inland,B,0,3680,3680,false,w,Firmenadresse,nein,0
1701,Inland,B,1,3306,3306,false,m,Firmenadresse,ja,68
379,Inland,E,1,2529,2529,true,w,Firmenadresse,ja,35
1377,Ausland,R,3,2333,3642,false,m,Firmenadresse,ja,175
148,Inland,W,1,1147,1147,true,w,Firmenadresse,ja,164
1200,Ausland,A,0,2891,3852,false,m,Firmenadresse,nein,0
107,Inland,S,0,1011,1011,false,m,Firmenadresse,nein,0
1916,Ausland,W,1,1003,1003,true,m,Privatadresse,nein,0
1601,Ausland,W,1,1322,1322,false,m,Firmenadresse,nein,0
806,Inland,X,0,2779,2779,true,m,Firmenadresse,nein,0
209,Ausland,W,1,1926,1926,false,m,Firmenadresse,ja,62
89,Ausland,U,2,458,3944,true,w,Firmenadresse,ja,248
999,Inland,S,1,2828,2828,true,m,Firmenadresse,ja,100
604,Inland,X,1,2229,2229,false,m,Firmenadresse,nein,0
34,Inland,E,0,2905,2905,true,m,Firmenadresse,nein,0
1244,Inland,W,1,784,784,true,m,Privatadresse,nein,0
155,Inland,A,1,890,890,false,m,Firmenadresse,nein,0
1443,Ausland,H,2,1865,1871,true,w,Privatadresse,nein,0
546,Ausland,O,0,3747,3747,true,w,Firmenadresse,nein,0
1062,Ausland,W,1,912,912,false,w,Firmenadresse,ja,551
1216,Inland,C,2,869,2767,false,m,Firmenadresse,ja,117
869,Inland,T,1,3852,3852,true,m,Firmenadresse,ja,128
444,Ausland,W,1,1207,1207,false,m,Firmenadresse,nein,0
1735,Inland,W,1,1877,1877,true,m,Firmenadresse,ja,56
456,Inland,M,1,827,827,true,m,Firmenadresse,ja,163
639,Ausland,E,1,2704,2704,false,m,Firmenadresse,nein,0
67,Inland,U,1,2803,2803,false,w,Firmenadresse,nein,0
1881,Inland,E,2,1646,1717,false,w,Privatadresse,ja,130
386,Inland,U,1,314,314,false,m,Firmenadresse,ja,149
713,Inland,D,1,3166,3166,true,w,Privatadresse,nein,0
1415,Inland,C,1,3125,3125,true,w,Firmenadresse,nein,0
60,Inland,A,0,3367,3367,false,m,Firmenadresse,nein,0
1180,Inland,U,2,804,3027,true,w,Firmenadresse,ja,303
1931,Inland,O,0,3746,3746,false,m,Firmenadresse,nein,0
1420,Inland,U,3,3433,3471,true,m,Firmenadresse,ja,99
1876,Inland,A,1,3019,3019,true,m,Firmenadresse,ja,184
1666,Inland,A,1,1128,3382,false,m,Firmenadresse,ja,153
1098,Ausland,U,7,700,3215,true,w,Privatadresse,ja,438
446,Inland,A,1,3262,3262,true,m,Firmenadresse,ja,158
1257,Inland,A,4,463,2109,false,m,Firmenadresse,ja,517
1504,Inland,W,1,1112,1112,true,m,Firmenadresse,nein,0
542,Ausland,E,1,2102,2102,true,m,Firmenadresse,ja,171
1812,Inland,W,1,1095,1095,true,w,Firmenadresse,nein,0
904,Inland,W,0,2900,2900,true,w,Firmenadresse,nein,0
755,Inland,B,2,3436,3458,false,w,Firmenadresse,ja,98
1965,Inland,U,1,3157,3157,false,w,Privatadresse,nein,0
73,Inland,A,4,1995,2431,false,m,Privatadresse,nein,0
606,Inland,S,0,3398,3398,false,m,Firmenadresse,nein,0
760,Inland,O,0,3746,3746,false,w,Firmenadresse,nein,0
1765,Inland,A,2,360,2696,false,m,Firmenadresse,ja,279
1276,Inland,A,1,3353,3353,true,w,Firmenadresse,ja,213
788,Inland,A,2,2080,2101,true,m,Firmenadresse,ja,130
723,Inland,W,1,1058,1058,false,w,Privatadresse,nein,0
1331,Inland,A,6,1581,3660,false,m,Firmenadresse,ja,158
1958,Inland,B,2,491,2984,true,w,Privatadresse,ja,259
1811,Inland,E,1,3069,3069,false,m,Privatadresse,nein,0
1488,Inland,U,2,3615,3615,false,w,Firmenadresse,ja,270
1369,Ausland,E,0,2982,2982,false,m,Firmenadresse,nein,0
1743,Ausland,W,0,470,470,false,m,Firmenadresse,nein,0
1003,Inland,D,3,2200,2256,false,m,Privatadresse,ja,161
429,Inland,S,1,974,974,false,w,Firmenadresse,nein,0
1957,Inland,S,1,1288,2317,false,m,Firmenadresse,ja,95
499,Inland,R,2,2746,3047,true,w,Privatadresse,ja,182
414,Inland,C,1,1240,1240,false,w,Firmenadresse,nein,0
520,Inland,W,3,148,1113,false,m,Privatadresse,ja,214
1732,Inland,C,1,198,198,false,w,Firmenadresse,nein,0
1076,Inland,X,2,3444,3444,false,m,Firmenadresse,ja,71
1729,Inland,E,0,1352,1352,false,w,Firmenadresse,nein,0
809,Inland,R,1,2796,2796,false,w,Firmenadresse,nein,0
894,Inland,E,2,1465,2138,false,w,Firmenadresse,ja,228
1872,Inland,E,2,1392,1408,true,m,Firmenadresse,ja,303
187,Inland,E,3,1689,1800,false,w,Privatadresse,ja,108
553,Ausland,W,5,519,1890,true,w,Firmenadresse,ja,585
692,Inland,X,1,1962,1981,false,w,Privatadresse,nein,0
1570,Inland,E,0,2900,2900,false,w,Firmenadresse,nein,0
1475,Inland,A,2,3374,3375,true,m,Firmenadresse,ja,34
618,Inland,A,12,520,3944,true,w,Firmenadresse,ja,1195
1230,Inland,S,0,1451,1451,true,m,Firmenadresse,nein,0
1898,Inland,B,2,3276,3340,false,w,Firmenadresse,ja,128
1439,Inland,S,0,204,204,false,m,Firmenadresse,nein,0
946,Inland,E,1,2530,2625,false,w,Firmenadresse,ja,136
342,Inland,A,0,2539,2539,false,m,Firmenadresse,nein,0
464,Inland,D,1,3255,3255,true,m,Firmenadresse,nein,0
427,Ausland,E,4,1794,2291,true,m,Privatadresse,ja,259
502,Inland,S,0,1451,1451,false,w,Firmenadresse,nein,0
39,Inland,E,1,1774,1774,false,w,Firmenadresse,nein,0
1648,Ausland,W,1,71,71,true,m,Firmenadresse,ja,55
700,Inland,W,0,136,136,false,m,Firmenadresse,nein,0
1186,Inland,U,0,3914,3914,false,m,Firmenadresse,nein,0
1691,Inland,E,0,2766,2766,false,m,Firmenadresse,nein,0
943,Inland,B,0,3522,3522,true,m,Firmenadresse,nein,0
1762,Inland,C,1,1968,1968,true,w,Firmenadresse,nein,0
895,Inland,A,3,822,3019,false,w,Firmenadresse,ja,421
20,Inland,S,0,3120,3120,false,m,Firmenadresse,nein,0
52,Inland,H,2,1920,1946,false,w,Privatadresse,nein,0
1692,Inland,U,2,1123,1242,true,w,Firmenadresse,ja,399
468,Inland,E,0,2740,2740,false,w,Firmenadresse,nein,0
554,Inland,E,0,2740,2740,false,m,Firmenadresse,nein,0
840,Inland,U,2,1618,1654,true,w,Privatadresse,ja,40
1159,Inland,W,1,134,134,false,w,Firmenadresse,ja,163
747,Inland,C,1,1968,1968,false,w,Firmenadresse,nein,0
1839,Inland,A,1,2257,2257,true,w,Firmenadresse,ja,130
324,Inland,R,2,2194,2241,false,m,Privatadresse,ja,30
1641,Inland,C,1,1968,1968,false,w,Firmenadresse,nein,0
1517,Inland,A,3,3387,3390,true,m,Firmenadresse,ja,203
138,Inland,U,1,2648,2648,true,m,Firmenadresse,ja,130
1999,Inland,W,1,253,253,false,m,Privatadresse,nein,0
327,Inland,H,2,1582,1603,true,w,Privatadresse,ja,3
69,Inland,S,6,1470,3242,false,m,Firmenadresse,ja,588
1992,Inland,U,1,2807,2807,false,m,Firmenadresse,ja,55
461,Inland,U,1,2977,2978,false,w,Firmenadresse,ja,70
1841,Inland,A,1,2418,2418,true,m,Privatadresse,ja,161
863,Inland,A,1,3822,3822,true,w,Firmenadresse,ja,65
1213,Inland,A,1,2558,2558,true,m,Firmenadresse,nein,0
1550,Inland,A,1,2289,2289,true,w,Firmenadresse,ja,230
162,Inland,U,1,3334,3334,true,w,Firmenadresse,nein,0
1696,Ausland,W,1,617,617,false,m,Firmenadresse,ja,178
1714,Inland,A,5,1577,2081,true,w,Privatadresse,ja,588
1913,Ausland,H,3,1261,1879,true,w,Firmenadresse,nein,0
938,Ausland,E,0,2765,2765,false,w,Firmenadresse,nein,0
280,Inland,E,4,1879,1953,false,w,Firmenadresse,ja,164
211,Inland,A,2,2404,4036,true,w,Firmenadresse,ja,187
1984,Inland,R,0,3772,3772,false,m,Firmenadresse,nein,0
1241,Inland,A,3,1017,2431,true,m,Firmenadresse,ja,254
352,Inland,C,3,2065,3822,false,m,Firmenadresse,ja,197
1260,Inland,E,3,1430,1534,false,m,Privatadresse,ja,65
1816,Inland,S,1,974,974,false,w,Firmenadresse,nein,0
296,Inland,C,1,833,833,false,m,Firmenadresse,nein,0
912,Inland,A,1,3171,3171,false,m,Firmenadresse,ja,260
1602,Inland,W,4,77,1169,false,w,Privatadresse,ja,407
1883,Inland,H,3,1739,1849,false,w,Privatadresse,ja,58
1416,Ausland,W,1,687,687,false,m,Privatadresse,nein,0
1029,Inland,B,4,2240,3536,false,m,Privatadresse,ja,189
632,Inland,A,0,1709,1709,false,w,Firmenadresse,nein,0
1682,Inland,C,1,1240,1240,true,m,Firmenadresse,nein,0
1308,Inland,H,2,1521,1583,true,m,Privatadresse,nein,0
31,Inland,S,0,3090,3090,false,w,Firmenadresse,nein,0
1322,Inland,E,1,1878,1878,true,m,Firmenadresse,ja,35
44,Inland,R,9,868,3138,true,w,Privatadresse,ja,639
445,Inland,U,1,486,486,false,m,Firmenadresse,ja,30
1024,Inland,W,1,1836,1836,true,m,Firmenadresse,ja,130
433,Inland,D,3,1739,3278,false,m,Firmenadresse,ja,226
937,Ausland,R,1,2053,2053,false,w,Firmenadresse,ja,345
411,Ausland,E,0,2891,2891,false,m,Firmenadresse,nein,0
1887,Inland,E,1,2509,2509,false,m,Firmenadresse,nein,0
1143,Inland,U,1,2467,2467,true,m,Firmenadresse,ja,130
1531,Inland,A,3,2348,3388,true,w,Firmenadresse,ja,207
815,Inland,A,0,3394,3394,false,w,Firmenadresse,nein,0
896,Inland,W,2,216,651,true,w,Firmenadresse,ja,43
1793,Ausland,W,2,982,1010,false,m,Privatadresse,nein,0
1212,Inland,U,0,3114,3114,false,w,Firmenadresse,nein,0
875,Inland,D,3,2438,3768,true,w,Privatadresse,ja,227
941,Inland,E,1,3356,3405,false,m,Firmenadresse,nein,0
1709,Inland,A,2,3646,3646,false,m,Firmenadresse,ja,128
838,Inland,B,0,3694,3694,false,m,Firmenadresse,nein,0
68,Inland,A,4,479,2107,true,m,Firmenadresse,ja,394
1040,Inland,A,2,472,2102,true,m,Firmenadresse,ja,229
254,Inland,R,1,2212,2212,false,w,Firmenadresse,nein,0
1141,Inland,E,0,3159,3159,true,w,Firmenadresse,nein,0
1530,Inland,H,2,1882,1914,true,w,Privatadresse,nein,0
1195,Inland,A,1,2963,2963,true,m,Firmenadresse,ja,165
1857,Ausland,B,0,3694,3694,false,m,Firmenadresse,nein,0
240,Inland,U,2,2933,2936,true,m,Firmenadresse,ja,54
1246,Inland,U,1,2787,2787,true,m,Firmenadresse,nein,0
289,Inland,W,1,7,7,false,m,Firmenadresse,ja,129
191,Inland,U,1,1906,3521,true,w,Firmenadresse,ja,50
948,Inland,U,1,4096,4096,false,w,Privatadresse,ja,97
1573,Inland,C,0,3944,3944,false,m,Firmenadresse,nein,0
252,Inland,C,1,1968,1968,true,m,Firmenadresse,nein,0
1278,Inland,U,0,3852,3852,false,w,Privatadresse,nein,0
1851,Inland,E,1,868,2739,false,w,Firmenadresse,nein,0
1056,Inland,A,2,442,1134,false,w,Firmenadresse,ja,138
1513,Inland,A,1,1456,1456,false,m,Firmenadresse,nein,0
1240,Inland,A,0,2009,2009,false,m,Firmenadresse,nein,0
168,Inland,A,3,3662,3704,false,m,Privatadresse,ja,310
1888,Inland,R,1,3312,3312,false,w,Firmenadresse,ja,132
58,Ausland,E,1,2212,2212,false,w,Firmenadresse,ja,95
1884,Inland,W,1,15,15,false,m,Firmenadresse,nein,0
1960,Inland,U,1,2607,2607,true,m,Privatadresse,nein,0
1073,Inland,B,1,3339,3356,true,w,Firmenadresse,ja,38
1953,Inland,W,0,2186,2186,false,m,Firmenadresse,nein,0
1319,Inland,S,1,2310,2317,false,m,Firmenadresse,ja,100
1445,Inland,A,2,3391,3391,false,m,Firmenadresse,nein,0
598,Inland,A,1,3208,3208,false,w,Firmenadresse,nein,0
944,Inland,E,0,2742,2742,false,w,Firmenadresse,nein,0
78,Inland,E,2,541,2862,true,m,Privatadresse,ja,50
1172,Inland,A,1,2996,2996,false,m,Firmenadresse,nein,0
1446,Inland,M,1,3683,3683,false,m,Privatadresse,nein,0
827,Inland,S,0,1890,1890,false,w,Firmenadresse,nein,0
1271,Inland,D,1,3464,3464,true,m,Firmenadresse,nein,0
1757,Inland,S,1,702,702,true,m,Firmenadresse,nein,0
1998,Inland,A,0,3394,3394,false,w,Firmenadresse,nein,0
816,Ausland,E,2,2571,2702,false,w,Firmenadresse,ja,174
1742,Inland,R,2,1618,1653,false,m,Privatadresse,ja,3
918,Inland,A,3,1794,2648,true,m,Firmenadresse,ja,107
1511,Inland,S,0,3094,3094,false,w,Firmenadresse,nein,0
384,Ausland,R,3,479,2578,false,w,Firmenadresse,ja,459
457,Inland,P,2,3590,4005,true,w,Firmenadresse,ja,116
467,Inland,A,1,2991,2991,true,w,Privatadresse,ja,184
622,Inland,H,2,1837,1849,true,w,Privatadresse,nein,0
246,Ausland,U,1,772,772,false,w,Firmenadresse,ja,80
1788,Inland,D,1,3249,3249,false,w,Firmenadresse,nein,0
1014,Inland,W,1,791,791,true,m,Firmenadresse,ja,68
673,Inland,U,0,4157,4157,true,w,Firmenadresse,nein,0
343,Inland,D,1,2299,2299,false,m,Firmenadresse,nein,0
524,Inland,C,1,216,216,true,w,Firmenadresse,nein,0
1537,Ausland,E,1,2891,2905,true,m,Privatadresse,ja,273
782,Inland,S,0,1274,1274,false,m,Firmenadresse,nein,0
265,Inland,E,2,2163,2228,false,w,Firmenadresse,ja,107
293,Inland,T,1,2599,2599,true,w,Firmenadresse,ja,130
264,Inland,E,0,2737,2737,false,m,Privatadresse,nein,0
1983,Ausland,E,1,2620,2620,true,w,Firmenadresse,nein,0
664,Ausland,T,2,3157,3180,true,m,Firmenadresse,ja,162
1930,Inland,T,1,2960,3194,false,m,Privatadresse,ja,160
1799,Inland,R,0,2425,2425,false,w,Firmenadresse,nein,0
159,Inland,A,2,3074,3145,true,w,Firmenadresse,ja,163
1210,Inland,B,0,3353,3353,false,w,Firmenadresse,nein,0
1581,Inland,R,0,899,899,false,m,Firmenadresse,nein,0
1306,Inland,B,0,3680,3680,true,w,Firmenadresse,nein,0
1027,Inland,B,2,3706,3706,false,m,Firmenadresse,ja,228
1468,Inland,E,0,2837,2837,false,w,Firmenadresse,nein,0
536,Inland,W,1,1536,1536,false,w,Firmenadresse,nein,0
953,Inland,U,0,3237,3237,false,w,Firmenadresse,nein,0
942,Inland,D,1,3249,3249,false,m,Firmenadresse,nein,0
1316,Inland,A,9,1128,3376,true,m,Firmenadresse,ja,1289
1028,Inland,A,1,3360,3360,true,w,Firmenadresse,ja,128
125,Inland,C,1,1863,1863,false,m,Privatadresse,ja,167
361,Inland,A,2,3382,3425,false,w,Firmenadresse,nein,0
407,Inland,C,1,2404,2404,false,w,Firmenadresse,ja,114
1324,Inland,A,2,1592,1652,true,w,Privatadresse,ja,40
21,Inland,R,2,2943,2984,true,w,Firmenadresse,ja,386
205,Ausland,B,0,3369,3369,false,w,Firmenadresse,nein,0
656,Inland,U,1,3327,3327,true,m,Privatadresse,ja,98
431,Inland,C,2,216,3125,true,w,Firmenadresse,ja,134
537,Ausland,T,2,3513,3529,true,m,Firmenadresse,ja,219
121,Inland,A,1,4157,4157,true,m,Firmenadresse,ja,69
541,Ausland,U,2,1995,2009,true,w,Privatadresse,ja,243
1386,Inland,E,1,2400,3159,true,m,Firmenadresse,ja,13
1921,Inland,C,1,216,216,false,m,Firmenadresse,nein,0
1106,Inland,A,2,1021,2418,false,m,Privatadresse,ja,285
960,Inland,X,1,2533,2533,true,m,Firmenadresse,ja,9
627,Inland,T,2,3213,3222,true,w,Privatadresse,ja,34
1722,Inland,H,2,1962,1983,false,w,Privatadresse,nein,0
1612,Ausland,W,1,1164,1164,false,w,Firmenadresse,nein,0
1342,Ausland,A,0,3401,3401,false,w,Firmenadresse,nein,0
696,Inland,E,3,1248,1970,false,w,Privatadresse,ja,202
1614,Inland,S,0,3185,3185,false,m,Firmenadresse,nein,0
276,Inland,U,1,107,107,true,m,Firmenadresse,ja,129
1756,Inland,O,0,3746,3746,true,m,Firmenadresse,nein,0
1901,Inland,A,3,834,3011,false,m,Privatadresse,ja,160
1388,Inland,E,1,2677,2677,false,w,Firmenadresse,ja,161
1636,Inland,A,0,2009,2009,false,w,Firmenadresse,nein,0
1833,Inland,A,1,2107,2107,true,m,Firmenadresse,ja,161
997,Inland,E,0,2768,2768,false,m,Firmenadresse,nein,0
1821,Ausland,R,2,1962,1976,true,w,Privatadresse,ja,138
736,Inland,T,2,1120,3244,false,m,Firmenadresse,ja,124
160,Inland,A,3,2024,2369,false,m,Firmenadresse,ja,547
147,Inland,A,5,2268,3791,false,w,Firmenadresse,ja,605
300,Inland,D,2,1175,2299,false,w,Firmenadresse,ja,44
1985,Inland,E,2,2044,2074,false,w,Privatadresse,nein,0
676,Ausland,W,1,1017,1017,false,w,Firmenadresse,ja,197
562,Inland,C,2,1995,2024,true,w,Privatadresse,ja,117
1518,Inland,X,0,2885,2885,false,w,Firmenadresse,nein,0
864,Inland,E,1,3047,3047,true,m,Privatadresse,nein,0
215,Ausland,E,1,2768,2768,false,w,Firmenadresse,nein,0
1875,Inland,A,2,3340,3342,false,w,Firmenadresse,ja,199
1649,Inland,W,1,164,164,false,w,Firmenadresse,ja,135
266,Ausland,W,1,1683,1683,false,w,Firmenadresse,ja,85
1792,Inland,U,2,2366,3120,true,m,Firmenadresse,ja,288
1635,Inland,E,0,2728,2728,false,w,Firmenadresse,nein,0
769,Inland,A,3,1164,3822,true,m,Firmenadresse,ja,349
998,Inland,D,8,1130,3459,true,w,Privatadresse,ja,559
1928,Inland,U,2,2296,2466,false,m,Firmenadresse,ja,318
750,Inland,A,4,567,3883,true,w,Privatadresse,ja,410
986,Ausland,W,1,919,919,false,m,Firmenadresse,nein,0
1502,Ausland,A,1,3552,3552,true,m,Firmenadresse,ja,100
1589,Inland,E,1,2618,2618,false,w,Firmenadresse,ja,130
1169,Inland,S,3,835,1715,false,w,Privatadresse,ja,56
7,Inland,W,2,1498,1529,false,w,Privatadresse,nein,0
1367,Inland,S,0,2173,2185,false,w,Firmenadresse,nein,0
993,Ausland,U,1,2648,2648,false,w,Firmenadresse,ja,46
258,Inland,E,1,2383,2383,false,m,Firmenadresse,nein,0
42,Inland,A,2,3698,3698,false,m,Firmenadresse,ja,34
1011,Inland,T,2,2361,3199,true,m,Privatadresse,nein,0
1427,Inland,A,1,2873,3944,true,m,Privatadresse,ja,128
1643,Inland,U,1,3262,3262,false,w,Firmenadresse,nein,0
164,Inland,U,1,2632,2632,true,w,Firmenadresse,ja,140
1262,Inland,D,0,3694,3694,false,m,Firmenadresse,nein,0
1136,Inland,U,7,360,3027,true,w,Firmenadresse,ja,1305
314,Inland,A,0,3394,3394,false,m,Firmenadresse,nein,0
881,Inland,B,0,3694,3694,false,m,Firmenadresse,nein,0
814,Ausland,H,2,1379,1392,true,w,Privatadresse,nein,0
212,Inland,W,1,906,906,false,w,Firmenadresse,ja,80
543,Inland,U,1,1851,1851,true,m,Firmenadresse,ja,30
1718,Inland,A,0,1710,1710,false,w,Firmenadresse,nein,0
1307,Ausland,U,1,3328,3328,false,m,Firmenadresse,nein,0
1805,Inland,X,3,1658,2467,true,m,Privatadresse,ja,184
1414,Inland,M,0,3522,3522,true,w,Firmenadresse,nein,0
853,Inland,A,1,2999,2999,true,m,Firmenadresse,ja,160
267,Inland,U,6,800,2640,true,m,Firmenadresse,ja,1294
1449,Inland,W,1,120,120,true,m,Firmenadresse,nein,0
163,Ausland,W,0,90,90,false,m,Firmenadresse,nein,0
217,Ausland,E,4,511,1815,true,w,Firmenadresse,ja,268
1400,Ausland,W,1,658,658,false,m,Privatadresse,ja,203
1093,Inland,H,2,1882,1932,false,m,Privatadresse,nein,0
57,Inland,E,5,1856,2424,false,w,Privatadresse,ja,362
97,Inland,E,0,2740,2740,false,w,Firmenadresse,nein,0
1817,Inland,R,0,1653,1653,false,w,Firmenadresse,nein,0
455,Inland,U,2,1261,2137,false,w,Firmenadresse,ja,44
529,Inland,S,1,118,204,false,w,Firmenadresse,nein,0
714,Inland,R,0,1072,1072,false,w,Firmenadresse,nein,0
726,Inland,U,1,2313,2313,false,m,Firmenadresse,ja,140
1199,Inland,O,0,3747,3747,true,w,Firmenadresse,nein,0
229,Inland,A,3,2205,3390,false,w,Firmenadresse,ja,36
1618,Inland,U,1,4036,4036,true,m,Privatadresse,ja,97
40,Inland,B,0,3694,3694,true,w,Firmenadresse,nein,0
638,Inland,E,1,2361,2361,false,m,Firmenadresse,nein,0
202,Inland,E,2,2080,2114,true,m,Privatadresse,ja,35
1204,Ausland,U,1,2564,2564,false,w,Firmenadresse,nein,0
1095,Ausland,R,1,2978,2978,true,w,Firmenadresse,nein,0
1844,Ausland,E,0,2984,2984,true,w,Firmenadresse,nein,0
1286,Inland,W,1,666,826,false,w,Firmenadresse,ja,265
321,Ausland,A,2,3479,3975,false,w,Privatadresse,ja,189
1744,Inland,D,1,3243,3243,true,w,Firmenadresse,ja,252
784,Ausland,H,2,1463,1499,false,m,Privatadresse,nein,0
844,Inland,C,2,1962,1968,false,w,Privatadresse,nein,0
1398,Ausland,W,1,255,255,true,w,Firmenadresse,ja,244
1600,Inland,U,4,245,2607,true,w,Firmenadresse,ja,655
920,Inland,X,0,3944,3944,true,m,Firmenadresse,nein,0
144,Inland,T,1,3047,3047,false,m,Privatadresse,nein,0
1242,Inland,U,1,2744,2744,true,m,Firmenadresse,ja,230
1441,Inland,S,0,3619,3619,false,m,Firmenadresse,nein,0
26,Inland,S,1,2460,2732,true,w,Firmenadresse,ja,189
1055,Inland,W,1,513,513,true,m,Firmenadresse,ja,119
291,Ausland,W,0,1035,1035,true,m,Privatadresse,nein,0
1066,Inland,M,6,380,3642,true,m,Firmenadresse,ja,450
865,Inland,C,2,744,833,false,m,Privatadresse,nein,0
198,Inland,P,3,2466,4036,true,m,Firmenadresse,ja,145
17,Inland,H,2,1801,1828,true,w,Privatadresse,nein,0
544,Inland,A,1,3684,3684,false,m,Firmenadresse,nein,0
576,Inland,U,1,2417,2417,true,m,Firmenadresse,ja,130
1360,Inland,W,1,1512,1512,true,w,Firmenadresse,nein,0
967,Ausland,C,1,216,216,true,w,Firmenadresse,ja,8
1806,Inland,R,1,2324,2324,false,w,Firmenadresse,nein,0
1669,Inland,U,1,2415,2415,true,w,Firmenadresse,nein,0
1787,Inland,S,0,3041,3041,false,m,Firmenadresse,nein,0
126,Inland,A,3,731,2109,false,w,Privatadresse,nein,0
952,Inland,X,1,4096,4096,true,w,Firmenadresse,ja,128
641,Inland,W,1,120,120,false,m,Firmenadresse,ja,149
1576,Inland,A,1,2074,2074,false,m,Firmenadresse,ja,130
466,Inland,S,1,1010,1010,false,w,Firmenadresse,nein,0
348,Inland,A,1,3334,3334,false,m,Firmenadresse,nein,0
346,Inland,O,2,1128,3746,false,m,Firmenadresse,ja,248
921,Inland,E,0,2742,2742,false,w,Firmenadresse,nein,0
929,Inland,A,7,2842,3883,true,w,Firmenadresse,ja,1393
979,Ausland,T,1,3222,3222,false,w,Firmenadresse,ja,33
1725,Inland,S,1,539,539,true,w,Firmenadresse,nein,0
1214,Inland,E,1,2634,2634,false,m,Firmenadresse,nein,0
1801,Inland,E,1,2796,2796,true,w,Firmenadresse,nein,0
1227,Inland,S,2,2165,3240,true,m,Firmenadresse,ja,157
459,Inland,O,3,1570,3746,true,w,Firmenadresse,ja,104
1845,Inland,A,1,3590,3590,true,m,Firmenadresse,ja,228
1826,Inland,S,0,3120,3120,false,w,Firmenadresse,nein,0
917,Inland,U,1,3822,3822,false,m,Firmenadresse,ja,128
947,Inland,E,0,2900,2900,false,m,Firmenadresse,nein,0
112,Inland,B,2,3642,3655,true,w,Firmenadresse,nein,0
331,Inland,U,1,2758,2758,true,w,Firmenadresse,ja,161
271,Inland,M,2,1204,1262,false,w,Firmenadresse,ja,81
936,Inland,O,0,3747,3747,false,w,Firmenadresse,nein,0
358,Inland,A,1,3185,3185,false,m,Privatadresse,nein,0
1989,Inland,U,1,3299,3299,true,m,Firmenadresse,ja,69
1697,Inland,W,1,416,416,true,m,Firmenadresse,ja,40
811,Ausland,B,0,3369,3369,true,w,Firmenadresse,nein,0
909,Inland,U,1,2962,3250,false,w,Firmenadresse,ja,68
48,Inland,W,0,2905,2905,true,w,Firmenadresse,nein,0
1583,Inland,U,2,1868,2185,true,w,Firmenadresse,ja,49
216,Inland,U,1,3522,3522,false,w,Firmenadresse,nein,0
1399,Inland,O,2,217,3747,true,m,Privatadresse,ja,81
531,Ausland,B,0,3489,3489,false,m,Firmenadresse,nein,0
1325,Inland,M,4,14,1235,true,w,Privatadresse,ja,303
418,Inland,R,3,1842,2737,true,m,Privatadresse,ja,169
513,Inland,U,0,2767,2767,true,m,Firmenadresse,nein,0
1912,Inland,W,1,1561,1561,true,m,Firmenadresse,nein,0
702,Inland,X,5,549,2306,true,m,Privatadresse,ja,484
416,Inland,W,0,534,534,false,m,Privatadresse,nein,0
195,Ausland,E,2,2723,2842,true,m,Firmenadresse,ja,237
1708,Inland,A,1,3397,3397,false,w,Firmenadresse,nein,0
1274,Inland,D,2,3243,3278,true,w,Privatadresse,ja,7
371,Inland,S,1,3146,3146,true,w,Firmenadresse,ja,10
1096,Inland,H,2,1882,1914,false,m,Privatadresse,nein,0
176,Inland,D,1,3485,3541,false,m,Firmenadresse,nein,0
1637,Inland,H,2,1582,1611,false,m,Privatadresse,nein,0
360,Inland,U,0,304,304,false,m,Privatadresse,nein,0
1903,Inland,E,0,2766,2766,false,w,Firmenadresse,nein,0
1596,Inland,H,2,1436,1463,false,w,Privatadresse,nein,0
1516,Ausland,U,1,3304,3304,false,w,Firmenadresse,ja,140
268,Inland,W,2,304,311,true,w,Firmenadresse,ja,303
18,Ausland,B,0,3694,3694,true,w,Firmenadresse,nein,0
378,Inland,S,3,2201,2254,false,w,Firmenadresse,ja,99
709,Inland,U,0,3558,3558,false,w,Firmenadresse,nein,0
1069,Inland,W,2,1379,1401,false,w,Privatadresse,ja,193
668,Inland,U,1,3342,3342,false,m,Firmenadresse,ja,98
829,Inland,A,1,3269,3269,false,m,Firmenadresse,ja,31
1837,Inland,A,2,2080,2108,false,w,Privatadresse,nein,0
724,Inland,C,1,582,582,true,m,Firmenadresse,ja,89
302,Ausland,C,1,2767,2767,true,w,Firmenadresse,ja,124
309,Ausland,E,1,1626,1626,false,w,Firmenadresse,ja,165
1160,Inland,U,1,4157,4157,true,m,Firmenadresse,ja,254
1163,Inland,S,0,1583,1583,false,w,Firmenadresse,nein,0
1524,Inland,E,1,2690,2690,false,w,Firmenadresse,nein,0
1698,Inland,A,0,3403,3403,false,m,Firmenadresse,nein,0
1215,Ausland,E,4,1018,2984,true,w,Firmenadresse,ja,405
1464,Inland,W,2,619,1416,true,m,Privatadresse,ja,43
586,Inland,M,2,3642,3642,false,w,Firmenadresse,ja,129
221,Inland,E,2,2201,2558,false,w,Firmenadresse,ja,164
340,Inland,C,1,868,868,false,m,Firmenadresse,nein,0
372,Inland,A,0,3507,3507,false,w,Firmenadresse,nein,0
1617,Inland,A,0,2901,2901,false,w,Firmenadresse,nein,0
1712,Ausland,B,1,3458,3458,true,m,Firmenadresse,nein,0
154,Inland,H,2,841,1232,false,m,Privatadresse,nein,0
1597,Inland,A,1,3311,3311,false,w,Firmenadresse,ja,68
330,Inland,C,1,868,868,true,w,Firmenadresse,nein,0
774,Inland,E,0,2735,2735,false,m,Firmenadresse,nein,0
635,Inland,C,2,850,868,true,m,Firmenadresse,ja,210
1964,Inland,R,1,1919,1919,true,m,Firmenadresse,ja,150
859,Inland,U,1,3397,3397,true,w,Firmenadresse,nein,0
1193,Inland,A,1,3587,3587,true,m,Firmenadresse,ja,33
1962,Inland,W,1,962,962,false,m,Firmenadresse,ja,263
442,Inland,W,1,535,535,false,m,Privatadresse,ja,149
365,Inland,A,2,3655,3655,false,m,Firmenadresse,ja,35
1672,Inland,A,1,4005,4005,true,m,Firmenadresse,ja,68
93,Inland,U,0,4005,4005,false,w,Firmenadresse,nein,0
319,Inland,P,4,2100,3944,false,m,Firmenadresse,ja,204
592,Inland,U,1,2257,2257,true,w,Firmenadresse,ja,91
1253,Inland,A,1,3215,3215,false,w,Firmenadresse,ja,230
924,Inland,A,1,2107,2107,true,w,Firmenadresse,ja,130
1089,Inland,A,2,490,2829,false,w,Firmenadresse,ja,204
488,Inland,U,4,1653,1934,true,w,Privatadresse,ja,192
470,Inland,P,1,4065,4065,false,m,Firmenadresse,nein,0
1218,Inland,P,2,2856,3069,false,w,Firmenadresse,ja,78
911,Inland,R,0,1232,1232,false,m,Firmenadresse,nein,0
1138,Inland,D,0,3694,3694,true,m,Firmenadresse,nein,0
1551,Inland,B,1,3464,3464,true,w,Firmenadresse,ja,38
1120,Inland,E,1,2662,2662,true,m,Firmenadresse,nein,0
1532,Ausland,W,1,115,115,false,w,Firmenadresse,ja,164
124,Inland,W,1,1263,1263,true,m,Firmenadresse,nein,0
313,Inland,E,4,526,1779,true,w,Privatadresse,ja,427
812,Ausland,E,1,2590,2590,true,m,Firmenadresse,ja,163
66,Inland,E,3,1835,2926,true,w,Firmenadresse,ja,80
730,Ausland,W,1,770,770,false,m,Firmenadresse,ja,43
681,Inland,A,4,2807,3683,true,w,Privatadresse,ja,239
1993,Inland,O,2,2466,3747,false,m,Firmenadresse,ja,133
1880,Inland,U,0,2422,2422,true,m,Firmenadresse,nein,0
1991,Inland,A,3,1415,2431,true,m,Privatadresse,ja,130
719,Inland,A,0,3507,3507,false,w,Firmenadresse,nein,0
1925,Inland,C,1,2404,2404,true,m,Firmenadresse,nein,0
783,Inland,W,2,1710,1752,false,w,Privatadresse,ja,167
1490,Inland,W,0,1224,1224,false,m,Firmenadresse,nein,0
891,Inland,A,0,2901,2901,false,w,Firmenadresse,nein,0
140,Inland,U,3,1240,4157,true,m,Privatadresse,ja,141
1326,Inland,O,0,3747,3747,false,m,Firmenadresse,nein,0
1995,Inland,E,2,1136,1400,false,m,Firmenadresse,ja,184
1621,Inland,E,1,2807,2807,false,w,Privatadresse,ja,60
64,Inland,W,1,906,906,true,m,Firmenadresse,ja,43
1288,Inland,R,0,3536,3536,false,m,Firmenadresse,nein,0
954,Inland,W,1,1288,1288,true,w,Privatadresse,ja,30
337,Inland,A,0,1710,1710,true,w,Firmenadresse,nein,0
687,Inland,T,2,2723,2752,false,w,Firmenadresse,ja,161
1072,Inland,U,12,220,3236,false,m,Firmenadresse,ja,1446
1006,Inland,A,3,1242,2107,false,w,Privatadresse,ja,165
1904,Inland,O,0,3747,3747,false,m,Firmenadresse,nein,0
970,Inland,R,2,2143,2179,false,m,Privatadresse,nein,0
91,Inland,E,1,2982,2982,true,m,Firmenadresse,nein,0
1001,Inland,A,0,3403,3403,true,m,Firmenadresse,nein,0
1295,Inland,W,0,167,167,false,w,Privatadresse,nein,0
1183,Inland,H,2,1710,1746,false,w,Privatadresse,nein,0
715,Inland,B,1,3650,3650,false,w,Firmenadresse,nein,0
1968,Inland,W,1,3453,3453,true,w,Firmenadresse,nein,0
1535,Inland,C,1,868,868,true,m,Firmenadresse,nein,0
1585,Ausland,R,3,1722,1745,false,w,Privatadresse,ja,439
534,Inland,A,2,491,3671,true,m,Privatadresse,ja,139
699,Inland,U,0,3852,3852,false,m,Firmenadresse,nein,0
1289,Ausland,W,2,255,408,true,m,Firmenadresse,ja,318
1963,Inland,W,1,1464,1464,true,m,Firmenadresse,nein,0
1858,Inland,H,2,1710,1750,false,w,Privatadresse,nein,0
1148,Inland,X,0,2877,2877,false,w,Firmenadresse,nein,0
1631,Ausland,U,1,2996,2996,false,w,Firmenadresse,ja,150
882,Ausland,U,2,2418,2436,false,w,Firmenadresse,ja,263
1010,Ausland,W,3,1379,1438,false,m,Firmenadresse,ja,143
951,Inland,B,0,3339,3339,false,m,Firmenadresse,nein,0
886,Inland,S,0,162,162,false,w,Firmenadresse,nein,0
425,Ausland,A,3,1137,3125,false,w,Privatadresse,ja,287
413,Inland,H,1,1646,1682,false,m,Privatadresse,nein,0
1969,Inland,D,3,2837,3272,false,w,Privatadresse,ja,160
688,Inland,E,1,3397,3397,true,w,Firmenadresse,nein,0
637,Inland,B,1,3390,3390,true,m,Firmenadresse,nein,0
1245,Ausland,W,3,1121,1262,true,m,Firmenadresse,ja,288
547,Inland,B,3,2957,3382,false,m,Firmenadresse,ja,130
1564,Inland,A,2,3704,3704,true,m,Firmenadresse,ja,326
900,Ausland,W,1,17,17,false,m,Firmenadresse,nein,0
852,Inland,U,3,1759,1879,true,m,Privatadresse,ja,130
158,Inland,O,1,2060,3746,false,m,Firmenadresse,nein,0
256,Inland,H,2,1415,1436,false,m,Privatadresse,nein,0
1599,Inland,D,1,2310,2310,true,w,Firmenadresse,ja,136
458,Inland,A,2,1120,3157,true,w,Privatadresse,ja,172
1882,Inland,B,0,3522,3522,false,m,Firmenadresse,nein,0
395,Inland,H,2,1856,1883,false,w,Privatadresse,nein,0
1675,Inland,E,2,1382,2402,true,m,Firmenadresse,ja,159
1719,Inland,H,1,709,709,true,m,Privatadresse,nein,0
1023,Ausland,W,1,1095,1095,false,m,Privatadresse,nein,0
701,Inland,W,1,994,994,false,m,Firmenadresse,nein,0
152,Inland,R,2,1016,1030,true,w,Firmenadresse,ja,451
59,Inland,U,2,3338,4127,false,m,Firmenadresse,ja,109
1179,Ausland,W,3,743,1242,true,m,Privatadresse,ja,47
1466,Inland,A,1,3311,3311,false,w,Firmenadresse,nein,0
1869,Inland,U,2,239,560,true,m,Firmenadresse,ja,1200
1437,Ausland,A,3,1498,2758,false,m,Privatadresse,ja,162
651,Inland,E,1,2759,2759,false,m,Firmenadresse,ja,35
1165,Inland,U,3,499,2758,true,m,Firmenadresse,ja,237
767,Ausland,W,0,653,653,false,w,Firmenadresse,nein,0
1891,Ausland,R,0,2492,2492,false,m,Privatadresse,nein,0
1808,Inland,R,2,721,1484,true,w,Firmenadresse,ja,83
1694,Inland,B,0,3353,3353,false,w,Firmenadresse,nein,0
368,Inland,E,1,2802,2802,true,m,Firmenadresse,ja,161
377,Inland,U,2,1031,3388,false,m,Firmenadresse,ja,191
1296,Inland,A,1,1897,1897,false,w,Firmenadresse,ja,165
1352,Inland,U,2,1780,3975,false,m,Privatadresse,nein,0
482,Inland,E,0,2905,2905,true,w,Firmenadresse,nein,0
1448,Inland,D,2,3791,3791,false,w,Firmenadresse,ja,198
1460,Ausland,E,0,2803,2803,false,w,Firmenadresse,nein,0
1492,Inland,T,1,3166,3166,false,m,Firmenadresse,nein,0
53,Inland,A,8,106,3573,true,w,Firmenadresse,ja,1030
746,Inland,X,2,3695,3695,false,m,Firmenadresse,ja,129
658,Inland,W,1,331,331,true,m,Firmenadresse,nein,0
563,Inland,A,0,3507,3507,false,w,Firmenadresse,nein,0
1498,Inland,B,0,3694,3694,false,w,Firmenadresse,nein,0
556,Inland,W,1,597,597,true,w,Firmenadresse,ja,240
1202,Inland,U,2,2899,3852,true,m,Firmenadresse,ja,320
1546,Inland,E,1,2583,2583,false,m,Firmenadresse,ja,55
182,Inland,A,2,3772,3822,true,w,Firmenadresse,ja,149
1885,Inland,W,2,458,479,false,w,Firmenadresse,ja,142
761,Inland,D,3,3570,3613,true,w,Firmenadresse,ja,98
866,Inland,E,1,1827,1827,true,m,Firmenadresse,nein,0
404,Inland,E,2,2044,2081,true,m,Privatadresse,ja,136
1907,Inland,D,3,598,3251,false,m,Privatadresse,ja,6
1552,Inland,W,2,981,982,false,m,Firmenadresse,nein,0
225,Inland,E,1,3453,3453,true,w,Firmenadresse,nein,0
1270,Inland,W,1,1221,1221,true,m,Privatadresse,ja,44
37,Inland,U,2,2478,3103,false,m,Firmenadresse,ja,185
315,Inland,A,1,1991,1991,false,m,Firmenadresse,ja,261
341,Inland,W,2,916,919,true,w,Privatadresse,ja,43
399,Inland,M,0,3159,3159,true,w,Firmenadresse,nein,0
1238,Inland,U,1,3143,3143,false,m,Firmenadresse,ja,229
75,Inland,A,1,2438,2438,false,m,Privatadresse,nein,0
1646,Inland,U,0,3131,3131,false,w,Firmenadresse,nein,0
1293,Inland,A,1,890,890,true,m,Firmenadresse,nein,0
1344,Inland,R,1,1491,1491,false,m,Firmenadresse,nein,0
624,Inland,D,3,3740,3760,false,w,Firmenadresse,ja,98
1594,Inland,D,2,2375,2422,false,m,Privatadresse,ja,318
771,Inland,D,1,2905,2905,false,w,Firmenadresse,nein,0
1150,Inland,A,0,2786,2786,false,m,Firmenadresse,nein,0
192,Inland,E,1,2408,2408,true,w,Firmenadresse,ja,54
194,Inland,A,1,2947,2947,false,w,Firmenadresse,ja,80
901,Inland,H,2,1752,1774,true,w,Privatadresse,nein,0
1269,Ausland,E,1,2274,2274,false,w,Firmenadresse,ja,46
1644,Inland,S,5,2045,2508,true,m,Privatadresse,ja,187
1104,Inland,C,2,2460,3125,true,m,Firmenadresse,ja,162
1704,Inland,R,7,1710,3668,true,w,Privatadresse,ja,213
1080,Inland,A,2,2571,2579,true,m,Firmenadresse,ja,161
868,Inland,C,3,1121,2016,true,m,Firmenadresse,ja,247
1158,Inland,D,2,3201,3249,false,m,Firmenadresse,nein,0
1795,Inland,C,1,192,192,true,w,Firmenadresse,nein,0
845,Ausland,W,1,1589,1589,true,w,Firmenadresse,nein,0
350,Inland,A,1,4157,4157,false,m,Firmenadresse,ja,98
1282,Inland,R,1,792,2831,true,m,Privatadresse,nein,0
1835,Ausland,E,1,2918,2918,false,w,Firmenadresse,nein,0
1017,Inland,H,2,1801,1823,true,m,Privatadresse,nein,0
1173,Inland,E,2,2809,2841,false,w,Firmenadresse,ja,191
1966,Ausland,U,1,2165,2310,true,w,Firmenadresse,ja,138
1659,Ausland,H,2,1275,1311,false,w,Privatadresse,nein,0
1986,Inland,W,1,659,659,true,m,Firmenadresse,ja,188
1849,Inland,A,9,216,3660,false,m,Firmenadresse,ja,1176
223,Inland,U,1,3236,3236,true,m,Firmenadresse,ja,128
1560,Inland,D,3,1206,2313,false,m,Firmenadresse,ja,195
1222,Inland,A,1,2522,2522,false,m,Privatadresse,nein,0
538,Inland,X,1,1184,3376,false,m,Firmenadresse,ja,44
1234,Inland,E,2,2817,2927,true,w,Firmenadresse,ja,163
1145,Ausland,W,1,1079,1079,true,m,Firmenadresse,nein,0
1231,Inland,A,6,408,3914,true,w,Firmenadresse,ja,197
512,Inland,O,0,3747,3747,false,m,Firmenadresse,nein,0
311,Inland,O,1,2305,3745,true,w,Firmenadresse,ja,60
1426,Inland,R,2,2142,3572,false,m,Firmenadresse,ja,68
897,Inland,C,2,834,869,true,w,Privatadresse,nein,0
645,Inland,B,7,1128,3430,true,m,Privatadresse,ja,236
1754,Inland,W,1,1514,1514,false,m,Firmenadresse,nein,0
437,Inland,E,2,1130,1779,false,w,Firmenadresse,ja,252
1273,Inland,D,2,3426,3426,true,w,Firmenadresse,ja,198
11,Inland,S,0,734,734,false,m,Firmenadresse,nein,0
86,Inland,B,2,2962,3243,true,w,Firmenadresse,ja,132
1317,Inland,A,0,3680,3680,false,m,Firmenadresse,nein,0
1187,Inland,A,3,471,3304,true,m,Firmenadresse,ja,249
1196,Ausland,A,0,3507,3507,true,m,Firmenadresse,nein,0
532,Inland,W,1,1008,1008,false,w,Firmenadresse,nein,0
1320,Inland,S,1,897,897,true,w,Firmenadresse,nein,0
734,Inland,W,2,1498,1512,true,w,Privatadresse,ja,344
1370,Inland,D,2,2891,2897,true,m,Firmenadresse,ja,153
71,Inland,S,1,3716,3716,false,w,Privatadresse,ja,298
1605,Inland,A,1,2829,2829,false,w,Privatadresse,ja,185
174,Inland,E,0,91,91,false,w,Firmenadresse,nein,0
908,Inland,W,0,2968,2968,true,m,Firmenadresse,nein,0
636,Inland,R,5,15,3283,false,m,Firmenadresse,ja,142
644,Inland,W,1,2704,2905,true,m,Firmenadresse,ja,8
698,Inland,H,3,1809,1925,true,m,Privatadresse,ja,58
667,Ausland,E,1,2487,2487,true,w,Firmenadresse,ja,163
1955,Inland,E,1,1766,1766,false,m,Firmenadresse,ja,142
1365,Ausland,W,1,1058,1058,true,w,Privatadresse,nein,0
1164,Inland,E,1,2863,2863,false,w,Firmenadresse,nein,0
1922,Inland,M,2,3660,3660,false,m,Firmenadresse,ja,33
1972,Inland,U,2,3541,3541,true,w,Privatadresse,ja,101
479,Inland,W,1,700,700,true,m,Privatadresse,nein,0
1285,Inland,A,1,4188,4188,true,w,Firmenadresse,nein,0
16,Ausland,U,1,2523,2523,true,w,Firmenadresse,nein,0
1058,Inland,C,2,1962,1968,true,w,Privatadresse,nein,0
1748,Inland,U,15,192,3207,false,w,Firmenadresse,ja,1133
224,Ausland,W,2,583,1060,true,w,Firmenadresse,ja,69
1508,Inland,A,1,2886,2886,true,w,Firmenadresse,nein,0
923,Inland,T,3,2814,2921,false,w,Firmenadresse,ja,162
1640,Ausland,E,3,2682,2859,false,m,Firmenadresse,ja,429
1318,Inland,E,0,3104,3104,false,m,Privatadresse,nein,0
438,Ausland,W,1,1612,1612,false,w,Firmenadresse,ja,43
1123,Inland,H,2,1521,1583,false,m,Firmenadresse,nein,0
485,Inland,E,0,2735,2735,false,w,Firmenadresse,nein,0
981,Inland,C,4,701,2022,true,m,Firmenadresse,ja,290
1124,Inland,O,0,3747,3747,true,m,Firmenadresse,nein,0
1046,Inland,B,2,3566,3566,true,m,Firmenadresse,ja,229
1733,Ausland,E,0,3164,3164,false,w,Privatadresse,nein,0
1630,Ausland,A,0,3401,3401,true,m,Firmenadresse,nein,0
369,Inland,E,3,2016,2424,true,w,Firmenadresse,ja,1353
1486,Inland,A,2,2456,3327,true,w,Firmenadresse,ja,266
593,Inland,E,1,2809,2809,false,m,Firmenadresse,nein,0
587,Ausland,W,3,260,1038,false,w,Privatadresse,ja,135
1206,Ausland,A,2,3474,3474,true,m,Firmenadresse,ja,45
1297,Inland,E,1,2618,2618,false,w,Firmenadresse,nein,0
1107,Inland,E,3,1109,1764,false,w,Privatadresse,ja,173
453,Ausland,U,1,4188,4188,true,m,Firmenadresse,ja,137
92,Inland,R,1,1415,1428,true,w,Privatadresse,nein,0
926,Inland,W,1,1218,1218,true,m,Firmenadresse,ja,44
978,Inland,H,2,1752,1774,false,w,Privatadresse,nein,0
856,Inland,E,4,610,2402,false,w,Privatadresse,ja,317
349,Inland,S,1,2962,3244,true,m,Firmenadresse,ja,96
1139,Ausland,W,3,835,1091,true,w,Firmenadresse,ja,241
1592,Inland,H,2,1582,1617,false,m,Firmenadresse,nein,0
1749,Ausland,H,2,1752,1771,false,w,Privatadresse,nein,0
1402,Inland,E,1,2464,2464,false,w,Firmenadresse,ja,35
956,Inland,M,0,3206,3206,false,m,Firmenadresse,nein,0
1689,Inland,E,1,2408,2408,false,m,Firmenadresse,ja,130
49,Inland,U,2,1786,1822,false,w,Firmenadresse,ja,41
1440,Inland,A,1,2955,2955,true,w,Privatadresse,ja,184
